ID,Type,SKU,"GTIN, UPC, EAN, or ISBN",Name,Published,"Is featured?","Visibility in catalog","Short description",Description,"Date sale price starts","Date sale price ends","Tax status","Tax class","In stock?",Stock,"Low stock amount","Backorders allowed?","Sold individually?","Weight (kg)","Length (cm)","Width (cm)","Height (cm)","Allow customer reviews?","Purchase note","Sale price","Regular price",Categories,Tags,"Shipping class",Images,"Download limit","Download expiry days",Parent,"Grouped products",Upsells,Cross-sells,"External URL","Button text",Position,"Cost of goods",Brands,"Blocksy Custom Data","Blocksy Variation Images","Meta: _eael_post_view_count","Meta: rank_math_news_sitemap_robots","Meta: rank_math_analytic_object_id","Meta: rank_math_internal_links_processed","Attribute 1 name","Attribute 1 value(s)","Attribute 1 visible","Attribute 1 global","Meta: rank_math_seo_score","Meta: rank_math_primary_product_brand","Meta: rank_math_primary_product_cat","Attribute 1 default","Attribute 2 name","Attribute 2 value(s)","Attribute 2 visible","Attribute 2 global","Meta: _wp_desired_post_slug","Attribute 2 default","Meta: rank_math_title","Meta: rank_math_description"
6806,simple,,,"3D Moon Lamp",1,1,visible,"Bring the moon right into your room. This 3D moon lamp is textured to look exactly like the real lunar surface — craters, ridges, and all. The dreamy colours set the perfect vibe whether you're studying, meditating, or just showing off to your friends. Touch it. Tap it. Remote it. It’s mood lighting on another level.","<h3><strong data-start=""493"" data-end=""510"">Key Features:</strong></h3>\n• Realistic 3D-printed lunar surface<br data-start=""549"" data-end=""552"" />• 16 colour options — warm white, cool white, RGB tones<br data-start=""607"" data-end=""610"" />• Touch control + remote included<br data-start=""643"" data-end=""646"" data-is-only-node="""" />• Adjustable brightness levels<br data-start=""676"" data-end=""679"" />• USB rechargeable (no wires while it shines)<br data-start=""724"" data-end=""727"" />• Battery life: 6–8 hours on a full charge<br data-start=""769"" data-end=""772"" />• Includes wooden stand for display<br data-start=""807"" data-end=""810"" />• Eco-friendly PLA material<br data-start=""837"" data-end=""840"" />• Size: approx. 16cm height x 11cm diameter<br data-start=""883"" data-end=""886"" />• Perfect for desks, bedside tables, or gifting someone you moon over",,,taxable,,1,8,3,0,0,0.55,,,,1,,,139,"Room Decor","aesthetics, lamp, light, lighting",,"https://jozistudenthub.co.za/wp-content/uploads/2025/07/4_17-1.png, https://jozistudenthub.co.za/wp-content/uploads/2025/07/1_30-1.png, https://jozistudenthub.co.za/wp-content/uploads/2025/07/2_28-1.png, https://jozistudenthub.co.za/wp-content/uploads/2025/07/4_17-2.png, https://jozistudenthub.co.za/wp-content/uploads/2025/07/3-1.jpg",,,,,,,,,0,,,[],,10,index,41,1,,,,,,,,
6814,simple,,,"Condere Cordless Kettle",1,0,visible,"A sleek and modern cordless electric kettle designed for boiling water quickly and efficiently. Stop boiling with your pot, <strong>asseblief!</strong>","<h3>Features:</h3>\n- 2-litre capacity.\n- Cordless design with 360-degree rotational base.\n- Rapid boiling with a powerful 2200W heating element.\n- Automatic shut-off and boil-dry protection.\n- Easy-grip handle and power indicator light.\nMaterial: Stainless Steel",,,taxable,,1,6,,0,0,,,,,1,,,165,Kitchenware,"appliance, cordless, kettle, kitchen",,"https://jozistudenthub.co.za/wp-content/uploads/2025/07/1-1-1.png, https://jozistudenthub.co.za/wp-content/uploads/2025/07/2-1.jpg, https://jozistudenthub.co.za/wp-content/uploads/2025/07/3-2.jpg",,,,,,,,,0,,,,,2,index,40,1,,,,,,,,
6819,variable,,,"Fluffy cushions",1,1,visible,"These aren’t just cushions — they’re a whole vibe. Soft, fluffy, and aesthetic AF, these decorative pillows instantly elevate your space from “meh” to magazine cover. Throw one on your bed, couch, or floor — wherever you chill most. They don’t just look good, they feel good too.","<h3><strong data-start=""439"" data-end=""456"">Key Features:</strong></h3>\n• Ultra-soft faux fur or plush velvet material<br data-start=""505"" data-end=""508"" />• Size: ~40x40cm (standard)<br data-start=""535"" data-end=""538"" />• Lightweight inner filling for cloud-like comfort<br data-start=""588"" data-end=""591"" data-is-only-node="""" />• Zipper or stitched closure (model dependent)<br data-start=""637"" data-end=""640"" />• Fade-resistant fabric — stays vibrant and clean<br data-start=""689"" data-end=""692"" />• Available in neutral and pastel tones to match any space<br data-start=""750"" data-end=""753"" />• Machine washable cover (check label)<br data-start=""791"" data-end=""794"" />• Perfect for dorms, couches, beds, and IG selfies",,,taxable,,1,30,5,0,0,,45,,45,0,,,,"Room Decor","aesthetics, cushions, fluffy, fur",,"https://jozistudenthub.co.za/wp-content/uploads/2025/07/All-colors-1.png, https://jozistudenthub.co.za/wp-content/uploads/2025/07/Assorted-colors.jpg",,,,,,,,,0,,,,,2,index,39,1,color,"Grey, Red, Pink, White, Black, Brown, Orange, Blue, Green, Dusty pink",1,0,8,0,0,
6820,variation,,,"Fluffy cushions - Grey",1,0,visible,,,,,taxable,parent,0,0,,0,0,,,,,0,,,69,,,,,,,id:6819,,,,,,1,,,,"{""gallery_source"":""default"",""images"":[]}",,,,,color,Grey,,0,,,,
6821,variation,,,"Fluffy cushions - Red",1,0,visible,,,,,taxable,parent,1,15,,1,0,,,,,0,,,69,,,,https://jozistudenthub.co.za/wp-content/uploads/2025/07/Red.jpg,,,id:6819,,,,,,2,,,,"{""gallery_source"":""custom"",""images"":[{""url"":""https:\/\/jozistudenthub.co.za\/wp-content\/uploads\/2025\/07\/Red2-300x300.jpg"",""attachment_id"":6837}]}",,,,,color,Red,,0,,,,
6822,variation,,,"Fluffy cushions - Pink",1,0,visible,,,,,taxable,parent,1,2,,0,0,,,,,0,,,69,,,,https://jozistudenthub.co.za/wp-content/uploads/2025/07/Pink.jpg,,,id:6819,,,,,,3,,,,"{""gallery_source"":""default"",""images"":[]}",,,,,color,Pink,,0,,,,
6823,variation,,,"Fluffy cushions - White",1,0,visible,,,,,taxable,parent,1,7,,0,0,,,,,0,,,69,,,,https://jozistudenthub.co.za/wp-content/uploads/2025/07/White.webp,,,id:6819,,,,,,4,,,,"{""gallery_source"":""default"",""images"":[]}",,,,,color,White,,0,,,,
6824,variation,,,"Fluffy cushions - Black",1,0,visible,,,,,taxable,parent,0,0,,0,0,,,,,0,,,69,,,,,,,id:6819,,,,,,5,,,,"{""gallery_source"":""default"",""images"":[]}",,,,,color,Black,,0,,,,
6825,variation,,,"Fluffy cushions - Brown",1,0,visible,,,,,taxable,parent,1,15,,1,0,,,,,0,,,69,,,,https://jozistudenthub.co.za/wp-content/uploads/2025/07/Brown-single.jpg,,,id:6819,,,,,,6,,,,"{""gallery_source"":""custom"",""images"":[{""url"":""https:\/\/jozistudenthub.co.za\/wp-content\/uploads\/2025\/07\/Brown-300x300.jpg"",""attachment_id"":6832}]}",,,,,color,Brown,,0,,,,
6826,variation,,,"Fluffy cushions - Orange",1,0,visible,,,,,taxable,parent,0,0,,0,0,,,,,0,,,69,,,,,,,id:6819,,,,,,7,,,,"{""gallery_source"":""default"",""images"":[]}",,,,,color,Orange,,0,,,,
6827,variation,,,"Fluffy cushions - Blue",1,0,visible,,,,,taxable,parent,0,0,,0,0,,,,,0,,,69,,,,,,,id:6819,,,,,,8,,,,"{""gallery_source"":""default"",""images"":[]}",,,,,color,Blue,,0,,,,
6828,variation,,,"Fluffy cushions - Green",1,0,visible,,,,,taxable,parent,0,0,,0,0,,,,,0,,,69,,,,,,,id:6819,,,,,,9,,,,"{""gallery_source"":""default"",""images"":[]}",,,,,color,Green,,0,,,,
6829,variation,,,"Fluffy cushions - Dusty pink",1,0,visible,,,,,taxable,parent,0,0,,0,0,,,,,0,,,69,,,,,,,id:6819,,,,,,10,,,,"{""gallery_source"":""default"",""images"":[]}",,,,,color,"Dusty pink",,0,,,,
6841,variable,,,"Frosted Cushions",1,0,visible,"These cushions feature a soft, frosted texture, often with a faux fur or boucle finish. They add a cozy and luxurious feel to any room.","<h3>Features:</h3>\n- Faux fur or boucle texture\n- Available in various colors\n- Typically 100% polyester\n- Standard size: 45cm x 45cm",,,taxable,,1,15,,1,0,,45,,45,0,,,,"Room Decor","aesthetics, bedroom, cushions, decoration, frosted",,https://jozistudenthub.co.za/wp-content/uploads/2025/07/Assorted-1.png,,,,,,,,,0,,,,,,index,38,1,color,"Grey, Blue, Orange, Pink, Purple",1,0,8,0,0,
6842,variation,,,"Frosted Cushions - Grey",1,0,visible,,,,,taxable,parent,1,,,0,0,,45,,45,0,,,99,,,,https://jozistudenthub.co.za/wp-content/uploads/2025/07/Greyish-white.jpg,,,id:6841,,,,,,1,,,,"{""gallery_source"":""default"",""images"":[]}",,,,,color,Grey,,0,,,,
6843,variation,,,"Frosted Cushions - Blue",1,0,visible,,,,,taxable,parent,1,,,0,0,,45,,45,0,,,99,,,,https://jozistudenthub.co.za/wp-content/uploads/2025/07/Blue.jpg,,,id:6841,,,,,,2,,,,"{""gallery_source"":""default"",""images"":[]}",,,,,color,Blue,,0,,,,
6844,variation,,,"Frosted Cushions - Orange",1,0,visible,,,,,taxable,parent,1,,,0,0,,45,,45,0,,,99,,,,https://jozistudenthub.co.za/wp-content/uploads/2025/07/Orange.jpg,,,id:6841,,,,,,3,,,,"{""gallery_source"":""default"",""images"":[]}",,,,,color,Orange,,0,,,,
6845,variation,,,"Frosted Cushions - Pink",1,0,visible,,,,,taxable,parent,1,,,0,0,,45,,45,0,,,99,,,,https://jozistudenthub.co.za/wp-content/uploads/2025/07/Pink-1.jpg,,,id:6841,,,,,,4,,,,"{""gallery_source"":""default"",""images"":[]}",,,,,color,Pink,,0,,,,
6846,variation,,,"Frosted Cushions - Purple",1,0,visible,,,,,taxable,parent,1,,,0,0,,45,,45,0,,,99,,,,https://jozistudenthub.co.za/wp-content/uploads/2025/07/Purple.jpg,,,id:6841,,,,,,5,,,,"{""gallery_source"":""default"",""images"":[]}",,,,,color,Purple,,0,,,,
6854,variable,,,"Golden Cushions",1,0,visible,"Faka a bit of sparkle to your decor with these Golden-touched cushions. They come in various styles, including shaggy textures with metallic threads, sequined designs, or crushed velvet with glitter panels.","<h3>Features:</h3>\n- Shaggy, sequin, or crushed velvet styles\n- Embedded with glitter or metallic threads\n- Adds a glamorous touch\n- Standard size: 45cm x 45cm\nMaterials: Polyester, Faux Fur, Velvet, Satin",,,taxable,,1,51,,1,0,,45,,45,0,,,,"Room Decor","bed, cushion, decoration, fluffy, gold, room",,https://jozistudenthub.co.za/wp-content/uploads/2025/07/Cream-1.png,,,,,,"id:6819, id:6841",,,0,,,,,9,index,37,1,Color,"Black, Beige, Brown, Cream, Dusty Pink, Grey, Maroon, Red, White",1,0,,,,Cream
6855,variation,,,"Golden Cushions - Black",1,0,visible,,,,,taxable,parent,1,,,0,0,,45,,45,0,,,114,,,,https://jozistudenthub.co.za/wp-content/uploads/2025/07/bG.jpg,,,id:6854,,,"id:6819, id:6841",,,1,,,,"{""gallery_source"":""default"",""images"":[]}",,,,,Color,Black,,0,,,,
6856,variation,,,"Golden Cushions - Beige",1,0,visible,,,,,taxable,parent,1,,,0,0,,45,,45,0,,,114,,,,https://jozistudenthub.co.za/wp-content/uploads/2025/07/Beige.jpg,,,id:6854,,,"id:6819, id:6841",,,2,,,,"{""gallery_source"":""default"",""images"":[]}",,,,,Color,Beige,,0,,,,
6857,variation,,,"Golden Cushions - Brown",1,0,visible,,,,,taxable,parent,1,,,0,0,,45,,45,0,,,114,,,,https://jozistudenthub.co.za/wp-content/uploads/2025/07/BrownGold.jpg,,,id:6854,,,"id:6819, id:6841",,,3,,,,"{""gallery_source"":""default"",""images"":[]}",,,,,Color,Brown,,0,,,,
6858,variation,,,"Golden Cushions - Cream",1,0,visible,,,,,taxable,parent,1,,,0,0,,45,,45,0,,,114,,,,https://jozistudenthub.co.za/wp-content/uploads/2025/07/Cream.jpg,,,id:6854,,,"id:6819, id:6841",,,4,,,,"{""gallery_source"":""default"",""images"":[]}",,,,,Color,Cream,,0,,,,
6859,variation,,,"Golden Cushions - Dusty Pink",1,0,visible,,,,,taxable,parent,1,,,0,0,,45,,45,0,,,114,,,,https://jozistudenthub.co.za/wp-content/uploads/2025/07/Dusty-pink.jpg,,,id:6854,,,"id:6819, id:6841",,,5,,,,"{""gallery_source"":""default"",""images"":[]}",,,,,Color,"Dusty Pink",,0,,,,
6860,variation,,,"Golden Cushions - Grey",1,0,visible,,,,,taxable,parent,1,,,0,0,,45,,45,0,,,114,,,,https://jozistudenthub.co.za/wp-content/uploads/2025/07/GreyGold.jpg,,,id:6854,,,"id:6819, id:6841",,,6,,,,"{""gallery_source"":""default"",""images"":[]}",,,,,Color,Grey,,0,,,,
6861,variation,,,"Golden Cushions - Maroon",1,0,visible,,,,,taxable,parent,1,,,0,0,,45,,45,0,,,114,,,,https://jozistudenthub.co.za/wp-content/uploads/2025/07/Maroon.jpg,,,id:6854,,,"id:6819, id:6841",,,7,,,,"{""gallery_source"":""default"",""images"":[]}",,,,,Color,Maroon,,0,,,,
6862,variation,,,"Golden Cushions - Red",1,0,visible,,,,,taxable,parent,1,,,0,0,,45,,45,0,,,114,,,,https://jozistudenthub.co.za/wp-content/uploads/2025/07/RedGold.jpg,,,id:6854,,,"id:6819, id:6841",,,8,,,,"{""gallery_source"":""default"",""images"":[]}",,,,,Color,Red,,0,,,,
6863,variation,,,"Golden Cushions - White",1,0,visible,,,,,taxable,parent,1,,,0,0,,,,,0,,,114,,,,https://jozistudenthub.co.za/wp-content/uploads/2025/07/WhiteGold.jpg,,,id:6854,,,"id:6819, id:6841",,,9,,,,"{""gallery_source"":""default"",""images"":[]}",,,,,Color,White,,0,,,,
6873,simple,,,"Fast Wireless Charging Stand",1,0,visible,"A convenient and fast way to charge your Qi-enabled devices without cables. This stand allows you to charge your phone in both portrait and landscape mode, so you can continue to use it while it powers up. Charge your phone/tablet while looking up your notes, effortlessly.","<h3>Features:</h3>\n- Up to 15W of power for fast charging.\n- Charges in portrait or landscape mode.\n- Universal compatibility with Qi-enabled devices.\n- LED indicator light for charging status.\n- Can charge through lightweight cases (up to 3mm).\n- 2-coil\nCompatibility: Qi-enabled devices (iPhones, Android phones, etc.)",,,taxable,,1,9,,0,0,,,,,0,,,198,"Desk Essentials, Electronics","charger, fast, phone, stand",,"https://jozistudenthub.co.za/wp-content/uploads/2025/07/1_28-1.png, https://jozistudenthub.co.za/wp-content/uploads/2025/07/2.webp, https://jozistudenthub.co.za/wp-content/uploads/2025/07/3.webp, https://jozistudenthub.co.za/wp-content/uploads/2025/07/4.webp, https://jozistudenthub.co.za/wp-content/uploads/2025/07/6.webp, https://jozistudenthub.co.za/wp-content/uploads/2025/07/5.webp",,,,,,,,,0,,,,,1,index,36,1,,,,,,,,
6880,variable,,,"Fluffy Rug",1,1,visible,"Add comfort and style to your room with a soft and luxurious fluffy rug. Characterized by a deep, plush pile, these rugs provide warmth and a cozy feel underfoot. They are available in a variety of colors and sizes to complement any decor.","<h3>Features:</h3>\n- Deep, plush pile for a soft and comfortable feel.\n- Adds warmth and insulation to floors.\n- Helps to reduce noise.\n- Non-slip backing for safety.\nMaterials: Faux fur, Polyester\nSizes: 120cm x 180cm",,,taxable,,1,20,,1,0,,120,,180,1,"There are various other colors available, we are still getting their pictures ready to publish. Let us know on Whatsapp if you have a different color in mind.",,,"Room Decor","bedroom, carpet, floor, fluffy, fur, mat, rug",,"https://jozistudenthub.co.za/wp-content/uploads/2025/08/1753998444910-scaled.jpg, https://jozistudenthub.co.za/wp-content/uploads/2025/07/My-room-scaled.jpg",,,,,"id:6819, id:6841, id:6854",id:6854,,,0,,,,,23,index,57,1,Color,"Black, Grey, Blue, Navy, White, Grey-plain, Pink, Red, Brown, Rainbow, Cream, Brown-dark, Orange, Purple",1,0,13,0,0,Pink
6881,variation,,,"Fluffy Rug - Black",1,0,visible,,,,,taxable,parent,1,,,0,0,,120,,180,0,,,150,,,,https://jozistudenthub.co.za/wp-content/uploads/2025/07/Black.jpg,,,id:6880,,,id:6854,,,2,,,,"{""gallery_source"":""default"",""images"":[]}",,,,,Color,Black,,0,,,,
6882,variation,,,"Fluffy Rug - Grey",1,0,visible,,"Grey &amp; Black",,,taxable,parent,1,,,0,0,,120,,180,0,,,150,,,,https://jozistudenthub.co.za/wp-content/uploads/2025/07/G-B-W.jpg,,,id:6880,,,id:6854,,,3,,,,"{""gallery_source"":""default"",""images"":[]}",,,,,Color,Grey,,0,,,,
6883,variation,,,"Fluffy Rug - Blue",1,0,visible,,,,,taxable,parent,1,,,0,0,,120,,180,0,,,150,,,,https://jozistudenthub.co.za/wp-content/uploads/2025/07/Blue-1.jpg,,,id:6880,,,id:6854,,,4,,,,"{""gallery_source"":""default"",""images"":[]}",,,,,Color,Blue,,0,,,,
6885,variation,,,"Fluffy Rug - White",1,0,visible,,,,,taxable,parent,1,,,0,0,,120,,180,0,,,150,,,,https://jozistudenthub.co.za/wp-content/uploads/2025/07/White.jpg,,,id:6880,,,id:6854,,,5,,,,"{""gallery_source"":""default"",""images"":[]}",,,,,Color,White,,0,,,,
6889,variation,,,"Fluffy Rug - Brown",1,0,visible,,,,,taxable,parent,1,,,0,0,,120,,180,0,,,150,,,,https://jozistudenthub.co.za/wp-content/uploads/2025/07/Dark-brown.jpg,,,id:6880,,,id:6854,,,6,,,,"{""gallery_source"":""default"",""images"":[]}",,,,,Color,Brown,,0,,,,
6906,simple,,,"Foldable Phone Stand",1,0,visible,"A portable and adjustable stand for your smartphone. Its lightweight and compact design allows it to be folded into a pocket-sized accessory, making it perfect for res, the library, or travel. The stand is made from durable materials and features non-slip silicone pads to protect your device.","<h3>Features:</h3>\n- Foldable and portable design.\n- Adjustable viewing angle to reduce neck strain.\n- Non-slip silicone pads to protect your device.\n- Universal compatibility with most smartphones.\n- Cutout for charging cable.\nMaterials: Aluminum alloy, ABS plastic",,,taxable,,1,16,,0,0,,,,,1,,44,65,"Desk Essentials, Electronics","holder, phone, stand, tablet",,"https://jozistudenthub.co.za/wp-content/uploads/2025/07/3_20-1.png, https://jozistudenthub.co.za/wp-content/uploads/2025/07/1-2.jpg, https://jozistudenthub.co.za/wp-content/uploads/2025/07/2-2.jpg, https://jozistudenthub.co.za/wp-content/uploads/2025/07/4-1.jpg, https://jozistudenthub.co.za/wp-content/uploads/2025/07/5-1.jpg",,,,,id:6873,,,,0,,,,,,index,34,1,,,,,,,,
6912,simple,,,"Tabletop Air Hockey",1,0,visible,"A portable version of the classic arcade game. This two-player game is played on a small, rectangular table with a smooth surface that has tiny holes. A fan underneath pushes air through the holes, creating a cushion for the puck to glide on. Each player uses a mallet to hit a lightweight puck into the opponent's goal.","<h3>Features:</h3>\n- Portable and lightweight design.\n- Battery-powered fan for puck gliding action.\n- Includes two paddles and two pucks.\n- Sliding scorers to keep track of the score.\nPlayers: 2",,,taxable,,1,20,,0,0,,,,,1,,,449,Gamenight,"Games, hockey, play, table",,"https://jozistudenthub.co.za/wp-content/uploads/2025/07/1_8-1.png, https://jozistudenthub.co.za/wp-content/uploads/2025/07/2-3.jpg",,,,,,,,,0,,,,,5,index,33,1,,,,,,,,
6915,simple,,,"Connect 4 Spin",1,0,visible,"A twist on the classic Connect 4 game, this version features a spinning grid that adds an element of chance and strategy. Be the first to get four of your colored discs in a row, but be careful, a spin can change everything! Ska lahla sight;)","<h3>Features:</h3>\n- Spinning game grid.\n- Includes a weighted disc for strategic play.\n- Two game modes: Beginner and Expert.\nPlayers: 2\nAges: 8+",,,taxable,,1,19,,0,0,,,,,1,,,155,Gamenight,"connect, fun, Games, party, spin",,"https://jozistudenthub.co.za/wp-content/uploads/2025/07/1_5-1.png, https://jozistudenthub.co.za/wp-content/uploads/2025/07/4-2.jpg, https://jozistudenthub.co.za/wp-content/uploads/2025/07/2-4.jpg",,,,,id:6912,,,,0,,,,,4,index,32,1,,,,,,,,
6921,simple,,,"Do or Drink",1,0,visible,"The ultimate adult party game. Players take turns drawing cards and must complete the challenge or drink. This game is designed to push you out of your comfort zone and create hilarious memories.","<h3>Features:</h3>\n- 350 cards with a variety of dares and challenges.\n- Simple to learn and play.\n- Perfect for parties and game nights.\nPlayers: 2+\nAges: 21+ (Keep the kids away;)",,,taxable,,1,33,,0,0,,,,,0,,,124,Gamenight,"cards, fun, gamenight, Games, party",,"https://jozistudenthub.co.za/wp-content/uploads/2025/07/1_18-1.png, https://jozistudenthub.co.za/wp-content/uploads/2025/07/2-5.jpg, https://jozistudenthub.co.za/wp-content/uploads/2025/07/3-5.jpg",,,,,,,,,0,,,,,5,index,31,1,,,,,,,,
6926,simple,,,"LED Mood Lights",1,1,visible,"Upgrade your room’s entire energy with these phone-controlled RGB strip lights. Whether you’re setting the vibe for movie night, gaming, or just chilling, this 5-meter LED strip responds to your touch — or your playlist. Use the app to control colour, brightness, and rhythm. Yes, it literally dances to your music.","<h3><strong>Key Featur</strong><strong>es:</strong></h3>\n• Length: 5 meters<br data-start=""574"" data-end=""577"" />• Control: Bluetooth app for Android &amp; iOS, and a remote as well.<br data-start=""619"" data-end=""622"" />• Colours: 16 million RGB colour options<br data-start=""662"" data-end=""665"" data-is-only-node="""" />• Modes: Static, strobe, fade, dynamic, and music sync<br data-start=""719"" data-end=""722"" />• Brightness &amp; speed adjustable from app<br data-start=""762"" data-end=""765"" />• Music sync feature using phone microphone<br data-start=""808"" data-end=""811"" />• USB-powered or 12V adapter compatible<br data-start=""850"" data-end=""853"" />• Flexible, cuttable, and easy to mount with adhesive backing<br data-start=""914"" data-end=""917"" />• Energy-efficient and long-lasting LEDs<br data-start=""957"" data-end=""960"" />• Works great for res, bedrooms, TVs, desks, and headboards",,,taxable,,1,31,,0,0,,,,,0,,,149,"Electronics, Room Decor","aesthetics, led, lights, phone, room, vibe",,"https://jozistudenthub.co.za/wp-content/uploads/2025/07/3-6.jpg, https://jozistudenthub.co.za/wp-content/uploads/2025/07/1-6.jpg, https://jozistudenthub.co.za/wp-content/uploads/2025/07/2-6.jpg",,,,,,,,,0,,,,,21,index,30,1,,,,,13,0,0,
6930,simple,,,"Neon Strip Lights",1,0,visible,"Turn your room into a full-on vibe. These neon flexible strip lights bring bold, glowing colour wherever you stick them — bedframes, desks, mirrors, even your res door. They’re fully waterproof and bend like a dream, so you can curve, loop, and wrap them exactly how you want. Party-ready, chill-ready, and 100% aesthetic.","<strong data-start=""536"" data-end=""553"">Key Features:</strong><br data-start=""553"" data-end=""556"" />• Length: 5 meters of flexible neon-style strip<br data-start=""603"" data-end=""606"" />• Waterproof (IP65 rating) — safe for bathrooms or outdoor use<br data-start=""668"" data-end=""671"" />• Ultra-bright SMD 5050 RGB LEDs<br data-start=""703"" data-end=""706"" data-is-only-node="""" />• Works with 12V power supply<br data-start=""735"" data-end=""738"" />• Bendable silicone coating for easy shaping<br data-start=""782"" data-end=""785"" />• Neon glow with no harsh LED dots<br data-start=""819"" data-end=""822"" />• Remote control or app-controlled (depending on model)<br data-start=""877"" data-end=""880"" />• Multiple lighting modes: static, strobe, fade, music sync<br data-start=""939"" data-end=""942"" />• Easy peel-and-stick adhesive back<br data-start=""977"" data-end=""980"" />• Cuttable every few inches for custom installs",,,taxable,,1,19,,0,0,,,,,0,,,219,"Electronics, Room Decor",,,"https://jozistudenthub.co.za/wp-content/uploads/2025/07/5-3.jpg, https://jozistudenthub.co.za/wp-content/uploads/2025/07/7.jpg, https://jozistudenthub.co.za/wp-content/uploads/2025/07/6.jpg, https://jozistudenthub.co.za/wp-content/uploads/2025/07/10.jpg, https://jozistudenthub.co.za/wp-content/uploads/2025/07/9.jpg, https://jozistudenthub.co.za/wp-content/uploads/2025/07/4-3.jpg, https://jozistudenthub.co.za/wp-content/uploads/2025/07/3-7.jpg, https://jozistudenthub.co.za/wp-content/uploads/2025/07/1-7.jpg",,,,,,,,,0,,,,,5,index,29,1,,,,,,,,
7058,simple,,,"Dominoes (Double Six, Colour Dot)",1,0,visible,"Turn any chill session into epic competition with these vibrant double-six dominoes. Perfect for <strong>breaking the ice with new friends</strong> or showing your strategic skills during those long study breaks<span class=""whitespace-nowrap"">.</span>","<p class=""my-0""><strong>Key Features:</strong></p>\n\n<ul class=""marker:text-textOff list-disc"">\n 	<li>\n<p class=""my-0""><strong>28 precision-crafted tiles</strong> with eye-catching coloured dots for instant recognition</p>\n</li>\n 	<li>\n<p class=""my-0""><strong>2-4 player capacity</strong> – ideal for dorm rooms and small gatherings</p>\n</li>\n 	<li>\n<p class=""my-0""><strong>Compact storage box</strong> fits perfectly in any backpack or study space</p>\n</li>\n 	<li>\n<p class=""my-0""><strong>Durable resin construction</strong> survives countless epic battles</p>\n</li>\n 	<li>\n<p class=""my-0""><strong>Memory &amp; strategy boost</strong> – sharpen your mind while having fun</p>\n</li>\n</ul>",,,taxable,,1,103,,0,0,,,,,0,,,86,Gamenight,"board, fun, game, play",,"https://jozistudenthub.co.za/wp-content/uploads/2025/07/1_1-1.png, https://jozistudenthub.co.za/wp-content/uploads/2025/07/2-8.jpg, https://jozistudenthub.co.za/wp-content/uploads/2025/07/3-8.jpg",,,,,,,,,0,,,,,1,index,28,1,,,,,,,,
7073,variable,,,"Custom Leather Notebook",-1,0,visible,"<p data-start=""536"" data-end=""549""><strong data-start=""536"" data-end=""549"">Features:</strong></p>\n\n<ul data-start=""551"" data-end=""770"">\n 	<li data-start=""551"" data-end=""590"">\n<p data-start=""553"" data-end=""590"">Comes with a smooth elegant pen.</p>\n</li>\n 	<li data-start=""591"" data-end=""646"">\n<p data-start=""593"" data-end=""646"">Durable faux leather hardcover with a sleek finish.</p>\n</li>\n 	<li data-start=""647"" data-end=""696"">\n<p data-start=""649"" data-end=""696"">Elastic closure and pen loop for convenience.</p>\n</li>\n 	<li data-start=""697"" data-end=""729"">\n<p data-start=""699"" data-end=""729"">Compact and travel-friendly.</p>\n</li>\n 	<li data-start=""730"" data-end=""770"">\n<p data-start=""732"" data-end=""770"">Lined pages with date filling spaces, great for keeping notes &amp; jornalling.</p>\n</li>\n</ul>\n<p data-start=""772"" data-end=""806""><strong data-start=""772"" data-end=""786"">Materials:</strong> Faux Leather, Paper</p>\n<p data-start=""808"" data-end=""855""><strong data-start=""808"" data-end=""818"">Sizes:</strong> A5 (14.5cm x 21cm)</p>","Whether you're taking notes, planning your day, or sketching ideas, this stylish leather journal adds a touch of class to every page. Wrapped in a stylish faux leather hardcover, it combines practicality with timeless design. The notebook includes includes an outer leather cover, making it perfect for long-term use. Great for journaling, note-taking, or as a thoughtful gift.",,,taxable,,1,,,0,0,,,,,0,,,,"Room Decor",,,,,,,,,,,,0,,,,,,index,,,Size,"A4, A5, A6",1,0,,,,
7074,variation,,,"Custom Leather Notebook - A4",-1,0,visible,,,,,taxable,parent,1,,,0,0,,,,,0,,,,,,,https://jozistudenthub.co.za/wp-content/uploads/2025/07/1.avif,,,id:7073,,,,,,1,,,,"{""gallery_source"":""custom"",""images"":[]}",,,,,Size,A4,,0,,,,
7075,variation,,,"Custom Leather Notebook - A5",-1,0,visible,,,,,taxable,parent,1,,,0,0,,,,,0,,,,,,,,,,id:7073,,,,,,2,,,,,,,,,Size,A5,,0,,,,
7076,variation,,,"Custom Leather Notebook - A6",-1,0,visible,,,,,taxable,parent,1,,,0,0,,,,,0,,,,,,,,,,id:7073,,,,,,3,,,,,,,,,Size,A6,,0,,,,
7084,simple,,,"Sandwich Maker",1,0,visible,"Make delicious toasted sandwiches in minutes with the RAF R.248 Sandwich Maker. Its compact design fits easily on any kitchen counter, while the non-stick plates ensure easy cleanup.","<p data-start=""512"" data-end=""525""><strong data-start=""512"" data-end=""525"">Features:</strong></p>\n\n<ul data-start=""527"" data-end=""740"">\n 	<li data-start=""527"" data-end=""573"">\n<p data-start=""529"" data-end=""573"">Non-stick coated plates for easy cleaning.</p>\n</li>\n 	<li data-start=""574"" data-end=""614"">\n<p data-start=""576"" data-end=""614"">Heats up quickly for fast meal prep.</p>\n</li>\n 	<li data-start=""615"" data-end=""662"">\n<p data-start=""617"" data-end=""662"">Compact design with upright storage option.</p>\n</li>\n 	<li data-start=""663"" data-end=""700"">\n<p data-start=""665"" data-end=""700"">Power and ready indicator lights.</p>\n</li>\n 	<li data-start=""701"" data-end=""740"">\n<p data-start=""703"" data-end=""740"">Cool-touch handle for safe operation.</p>\n</li>\n</ul>",,,taxable,,1,,,0,0,,,,,0,,,185,Kitchenware,"food, sandwich, toaster",,"https://jozistudenthub.co.za/wp-content/uploads/2025/07/1-1.webp, https://jozistudenthub.co.za/wp-content/uploads/2025/07/2.png, https://jozistudenthub.co.za/wp-content/uploads/2025/07/3-1.webp, https://jozistudenthub.co.za/wp-content/uploads/2025/07/4-1.webp",,,,,,,,,0,,,,,,index,27,1,,,,,,,,
7090,simple,,,"Electric Coffee Pot",1,0,visible,"Brew rich, flavorful coffee in minutes with the RAF R.128 Electric Coffee Pot. Designed for convenience and classic taste, this pot is ideal for making Turkish or traditional quality coffee with ease.","<p data-start=""568"" data-end=""581""><strong data-start=""568"" data-end=""581"">Features:</strong></p>\n\n<ul data-start=""583"" data-end=""806"">\n 	<li data-start=""583"" data-end=""623"">\n<p data-start=""585"" data-end=""623"">Fast and efficient electric brewing.</p>\n</li>\n 	<li data-start=""624"" data-end=""671"">\n<p data-start=""626"" data-end=""671"">Ideal for Turkish or stovetop-style coffee.</p>\n</li>\n 	<li data-start=""672"" data-end=""708"">\n<p data-start=""674"" data-end=""708"">Ergonomic heat-resistant handle.</p>\n</li>\n 	<li data-start=""709"" data-end=""751"">\n<p data-start=""711"" data-end=""751"">Precision spout for drip-free pouring.</p>\n</li>\n 	<li data-start=""752"" data-end=""806"">\n<p data-start=""754"" data-end=""806"">Power indicator light and easy one-button operation.</p>\n</li>\n</ul>\n<p data-start=""808"" data-end=""917""><strong data-start=""808"" data-end=""821"">Capacity:</strong> 0.5L<br data-start=""826"" data-end=""829"" /><strong data-start=""829"" data-end=""839"">Power:</strong> 600W<br data-start=""844"" data-end=""847"" /><strong data-start=""847"" data-end=""860"">Material:</strong> Heat-resistant plastic and stainless steel heating plate</p>",,,taxable,,1,,,0,0,,,,,1,,,229,Kitchenware,"coffee, kettle, pot, tea",,"https://jozistudenthub.co.za/wp-content/uploads/2025/07/6-1.jpg, https://jozistudenthub.co.za/wp-content/uploads/2025/07/1-9.jpg, https://jozistudenthub.co.za/wp-content/uploads/2025/07/2-9.jpg, https://jozistudenthub.co.za/wp-content/uploads/2025/07/3-9.jpg, https://jozistudenthub.co.za/wp-content/uploads/2025/07/4-4.jpg, https://jozistudenthub.co.za/wp-content/uploads/2025/07/5-4.jpg",,,,,,,,,0,,,,,,index,26,1,,,,,,,,
7097,simple,,,"Luminous Mouse Pad",1,0,visible,"Turn your desk into a whole vibe with the RGB-03 LED Mouse Pad. Designed for gamers, designers, and late-night hustlers, this pad doesn’t just sit there — it <em data-start=""376"" data-end=""383"">glows</em>.","<p data-start=""595"" data-end=""608""><strong data-start=""595"" data-end=""608"">Features:</strong></p>\n\n<ul data-start=""610"" data-end=""935"">\n 	<li data-start=""610"" data-end=""660"">\n<p data-start=""612"" data-end=""660"">Vibrant RGB lighting with multiple color modes</p>\n</li>\n 	<li data-start=""661"" data-end=""738"">\n<p data-start=""663"" data-end=""738"">One-touch button to cycle through effects (wave, breathing, static, etc.)</p>\n</li>\n 	<li data-start=""739"" data-end=""780"">\n<p data-start=""741"" data-end=""780"">Large surface fits keyboard and mouse</p>\n</li>\n 	<li data-start=""781"" data-end=""838"">\n<p data-start=""783"" data-end=""838"">Smooth micro-textured surface for precision and speed</p>\n</li>\n 	<li data-start=""839"" data-end=""885"">\n<p data-start=""841"" data-end=""885"">Anti-slip rubber base for grip on any desk</p>\n</li>\n 	<li data-start=""886"" data-end=""935"">\n<p data-start=""888"" data-end=""935"">USB powered — plug and play, no software needed</p>\n</li>\n</ul>\n<p data-start=""937"" data-end=""1000""><strong data-start=""937"" data-end=""946"">Size:</strong> 80cm x 30cm<br data-start=""958"" data-end=""961"" /><strong data-start=""961"" data-end=""971"">Cable:</strong> Detachable USB, approx. 1.8m</p>",,,taxable,,1,,,0,0,,,,,0,,,185,"Desk Essentials, Electronics","keyboard, Mouse, pad",,"https://jozistudenthub.co.za/wp-content/uploads/2025/07/1_27-1.png, https://jozistudenthub.co.za/wp-content/uploads/2025/07/5-1.png, https://jozistudenthub.co.za/wp-content/uploads/2025/07/2-10.jpg, https://jozistudenthub.co.za/wp-content/uploads/2025/07/3-10.jpg, https://jozistudenthub.co.za/wp-content/uploads/2025/07/4.png",,,,,,,,,0,,,,,1,index,25,1,,,,,,,,
7103,simple,,,"Jiageng JG758 Mini DC UPS",1,0,visible,"Never get caught offline during loadshedding—or even random res power blips. The Jiageng JG758 is your pocket-sized power hero, keeping your Wi‑Fi router, phone, or small gadgets juiced when the lights go out. It’s quietly built, compact enough for a cramped desk, and built tough enough to keep your hustle live through every blackout.","<p data-start=""159"" data-end=""172""><strong data-start=""159"" data-end=""172"">Features:</strong></p>\n\n<ul data-start=""174"" data-end=""423"">\n 	<li data-start=""174"" data-end=""215"">\n<p data-start=""176"" data-end=""215""><span class=""relative -mx-px my-[-0.2rem] rounded px-px py-[0.2rem] transition-colors duration-100 ease-in-out"">Robust 8 800 mAh lithium battery — plenty of juice for your essentials</span></p>\n</li>\n 	<li data-start=""216"" data-end=""257"">\n<p data-start=""218"" data-end=""257""><span class=""relative -mx-px my-[-0.2rem] rounded px-px py-[0.2rem] transition-colors duration-100 ease-in-out"">Selectable DC output (5 V, 9 V, 12 V, 15 V, 24 V) + POE port — versatile for routers, modems, cams</span></p>\n</li>\n 	<li data-start=""258"" data-end=""299"">\n<p data-start=""260"" data-end=""299""><span class=""relative -mx-px my-[-0.2rem] rounded px-px py-[0.2rem] transition-colors duration-100 ease-in-out"">USB port to charge your phone or tablet</span></p>\n</li>\n 	<li data-start=""300"" data-end=""341"">\n<p data-start=""302"" data-end=""341""><span class=""relative -mx-px my-[-0.2rem] rounded px-px py-[0.2rem] transition-colors duration-100 ease-in-out"">Smart circuit protection: over‑charge, short‑circuit safeguards</span></p>\n</li>\n 	<li data-start=""342"" data-end=""383"">\n<p data-start=""344"" data-end=""383""><span class=""relative -mx-px my-[-0.2rem] rounded px-px py-[0.2rem] transition-colors duration-100 ease-in-out"">Input voltage 100–240 V AC — works anywhere</span></p>\n</li>\n 	<li data-start=""384"" data-end=""423"">\n<p data-start=""386"" data-end=""423""><span class=""relative -mx-px my-[-0.2rem] rounded px-px py-[0.2rem] transition-colors duration-100 ease-in-out"">Silent operation—no annoying buzz during study time</span></p>\n</li>\n</ul>\n<p data-start=""425"" data-end=""435""><strong data-start=""425"" data-end=""435"">Specs:</strong></p>\n\n<ul data-start=""437"" data-end=""602"">\n 	<li data-start=""437"" data-end=""478"">\n<p data-start=""439"" data-end=""478""><span class=""relative -mx-px my-[-0.2rem] rounded px-px py-[0.2rem] transition-colors duration-100 ease-in-out""><strong data-start=""0"" data-end=""13"" data-is-only-node="""">Capacity:</strong> 8 800 mAh</span></p>\n</li>\n 	<li data-start=""479"" data-end=""520"">\n<p data-start=""481"" data-end=""520""><span class=""relative -mx-px my-[-0.2rem] rounded px-px py-[0.2rem] transition-colors duration-100 ease-in-out""><strong data-start=""0"" data-end=""12"" data-is-only-node="""">Outputs:</strong> DC (5/9/12/15/24 V), POE, USB</span></p>\n</li>\n 	<li data-start=""521"" data-end=""602"">\n<p data-start=""523"" data-end=""602""><span class=""relative -mx-px my-[-0.2rem] rounded px-px py-[0.2rem] transition-colors duration-100 ease-in-out""><strong data-start=""0"" data-end=""16"" data-is-only-node="""">Weight/Size:</strong> Mini form-factor—easily slides next to your router or under your monitor</span></p>\n</li>\n</ul>",,,taxable,,1,,,0,0,,,,,1,,,290,Electronics,"bank, battery, charger, power",,"https://jozistudenthub.co.za/wp-content/uploads/2025/07/1_29-1.png, https://jozistudenthub.co.za/wp-content/uploads/2025/07/2-11.jpg",,,,,,,,,0,,,,,,index,24,1,,,,,,,,,,,,,,,,
7106,simple,,,"Do You Really Know Your Family?",1,0,visible,"Think you know your family (or your res mates)? Think again. <i>This is</i> a hilarious and heartwarming card game that sparks deep convos, laugh-out-loud moments, and unexpected confessions. Perfect for family gatherings, res common rooms, or  <strong>game nights.</strong>","<p data-start=""703"" data-end=""716""><strong data-start=""703"" data-end=""716"">Features:</strong></p>\n\n<ul data-start=""718"" data-end=""1009"">\n 	<li data-start=""718"" data-end=""777"">\n<p data-start=""720"" data-end=""777"">200+ thought-provoking and fun question/challenge cards</p>\n</li>\n 	<li data-start=""778"" data-end=""848"">\n<p data-start=""780"" data-end=""848"">Mix of conversation starters, dares, and “who’s most likely” vibes</p>\n</li>\n 	<li data-start=""849"" data-end=""902"">\n<p data-start=""851"" data-end=""902"">Quick to set up, easy to play — no learning curve</p>\n</li>\n 	<li data-start=""903"" data-end=""949"">\n<p data-start=""905"" data-end=""949"">Great for bonding with family or resmates</p>\n</li>\n 	<li data-start=""950"" data-end=""1009"">\n<p data-start=""952"" data-end=""1009"">Encourages laughter, storytelling, and surprising reveals</p>\n</li>\n</ul>",,,taxable,,1,,,0,0,,,,,1,,,109,Gamenight,"cards, fun, game, play",,"https://jozistudenthub.co.za/wp-content/uploads/2025/07/1_13-1.png, https://jozistudenthub.co.za/wp-content/uploads/2025/07/4-5.jpg, https://jozistudenthub.co.za/wp-content/uploads/2025/07/3-11.jpg, https://jozistudenthub.co.za/wp-content/uploads/2025/07/2-12.jpg",,,,,,,,,0,,,,,1,index,23,1,,,,,,,,,,,,,,,,
7111,simple,,,"Do You Really Know Your Friends?",1,0,visible,"Ready to throw down some friendly shade and surprising reveals? <i>This is</i> a trivia-style card game that tests how well you actually know your crew. Expect rounds of questions, dares, and mini‑challenges that spark laughs, debates, and those “wait, really?” moments.","<p data-start=""154"" data-end=""167""><strong data-start=""154"" data-end=""167"">Features:</strong></p>\n\n<ul data-start=""169"" data-end=""376"">\n 	<li data-start=""169"" data-end=""210"">\n<p data-start=""171"" data-end=""210""><span class=""relative -mx-px my-[-0.2rem] rounded px-px py-[0.2rem] transition-colors duration-100 ease-in-out"">Quick setup and intuitive play—jump right into the fun</span></p>\n</li>\n 	<li data-start=""211"" data-end=""252"">\n<p data-start=""213"" data-end=""252""><span class=""relative -mx-px my-[-0.2rem] rounded px-px py-[0.2rem] transition-colors duration-100 ease-in-out"">Trivia + interactive challenges keep energy levels high</span></p>\n</li>\n 	<li data-start=""253"" data-end=""294"">\n<p data-start=""255"" data-end=""294""><span class=""relative -mx-px my-[-0.2rem] rounded px-px py-[0.2rem] transition-colors duration-100 ease-in-out"">Hilarious prompts that uncover quirky facts or hidden truths</span></p>\n</li>\n 	<li data-start=""295"" data-end=""336"">\n<p data-start=""297"" data-end=""336""><span class=""relative -mx-px my-[-0.2rem] rounded px-px py-[0.2rem] transition-colors duration-100 ease-in-out"">Compact card set easily stored in your backpack</span></p>\n</li>\n 	<li data-start=""337"" data-end=""376"">\n<p data-start=""339"" data-end=""376""><span class=""relative -mx-px my-[-0.2rem] rounded px-px py-[0.2rem] transition-colors duration-100 ease-in-out"">Suitable for teens and adults—roomies included</span></p>\n</li>\n</ul>",,,taxable,,1,,,0,0,,,,,1,,,115,Gamenight,"fun, Games, party, play",,"https://jozistudenthub.co.za/wp-content/uploads/2025/07/1_15-1.png, https://jozistudenthub.co.za/wp-content/uploads/2025/07/5-5.jpg, https://jozistudenthub.co.za/wp-content/uploads/2025/07/2-13.jpg, https://jozistudenthub.co.za/wp-content/uploads/2025/07/3-12.jpg, https://jozistudenthub.co.za/wp-content/uploads/2025/07/4-6.jpg",,,,,,,,,0,,,,,3,index,22,1,,,,,,,,,,,,,,,,
7117,simple,,,"Drinking Roulette Set (16‑Shot Spinner)",1,0,visible,"Bring the thrill of Vegas to your res or backyard braai with <em data-start=""61"" data-end=""80"">Drinking Roulette</em>! This party-ready drinking game pits chance and courage—just spin, bluff, and take your turn.","<p data-start=""161"" data-end=""174""><strong data-start=""161"" data-end=""174"">Features:</strong></p>\n\n<ul data-start=""176"" data-end=""383"">\n 	<li data-start=""176"" data-end=""217"">\n<p data-start=""178"" data-end=""217""><span class=""relative -mx-px my-[-0.2rem] rounded px-px py-[0.2rem] transition-colors duration-100 ease-in-out"">Full roulette set: wooden/plastic wheel, two steel balls, and <strong data-start=""62"" data-end=""81"">16 shot glasses</strong> in red and black.</span></p>\n</li>\n 	<li data-start=""218"" data-end=""259"">\n<p data-start=""220"" data-end=""259""><span class=""relative -mx-px my-[-0.2rem] rounded px-px py-[0.2rem] transition-colors duration-100 ease-in-out"">Simple rules: match the number, take the shot, and spin again.</span></p>\n</li>\n 	<li data-start=""260"" data-end=""301"">\n<p data-start=""262"" data-end=""301""><span class=""relative -mx-px my-[-0.2rem] rounded px-px py-[0.2rem] transition-colors duration-100 ease-in-out"">Designed for groups of 2–8 players—great for roommate seshes or pre‑night-out warm‑ups</span></p>\n</li>\n 	<li data-start=""302"" data-end=""343"">\n<p data-start=""304"" data-end=""343""><span class=""relative -mx-px my-[-0.2rem] rounded px-px py-[0.2rem] transition-colors duration-100 ease-in-out"">Compact footprint (~30 cm diameter) fits snugly on res desktops or dorm tables.</span></p>\n</li>\n 	<li data-start=""344"" data-end=""383"">\n<p data-start=""346"" data-end=""383""><span class=""relative -mx-px my-[-0.2rem] rounded px-px py-[0.2rem] transition-colors duration-100 ease-in-out"">No assembly—just fill, spin, sip, and go.</span></p>\n</li>\n</ul>\n<p data-start=""385"" data-end=""395""><strong data-start=""385"" data-end=""395"">Specs:</strong></p>\n\n<ul data-start=""397"" data-end=""564"">\n 	<li data-start=""397"" data-end=""438"">\n<p data-start=""399"" data-end=""438""><span class=""relative -mx-px my-[-0.2rem] rounded px-px py-[0.2rem] transition-colors duration-100 ease-in-out""><strong data-start=""0"" data-end=""17"" data-is-only-node="""">Shot Glasses:</strong> 16 pieces, numbered</span></p>\n</li>\n 	<li data-start=""439"" data-end=""480"">\n<p data-start=""441"" data-end=""480""><span class=""relative -mx-px my-[-0.2rem] rounded px-px py-[0.2rem] transition-colors duration-100 ease-in-out""><strong data-start=""0"" data-end=""19"" data-is-only-node="""">Wheel Diameter:</strong> approx. 30 cm</span></p>\n</li>\n 	<li data-start=""481"" data-end=""522"">\n<p data-start=""483"" data-end=""522""><span class=""relative -mx-px my-[-0.2rem] rounded px-px py-[0.2rem] transition-colors duration-100 ease-in-out""><strong data-start=""0"" data-end=""13"" data-is-only-node="""">Material:</strong> mix of glass (shot glasses), plastic/wood (wheel), and metal.</span></p>\n</li>\n 	<li data-start=""523"" data-end=""564"">\n<p data-start=""525"" data-end=""564""><span class=""relative -mx-px my-[-0.2rem] rounded px-px py-[0.2rem] transition-colors duration-100 ease-in-out"">Designed for beverages of choice—sip responsibly.</span></p>\n</li>\n</ul>",,,taxable,,1,,,0,0,,,,,1,,,169,Gamenight,"fun, game, gamenight, Games, party, play",,"https://jozistudenthub.co.za/wp-content/uploads/2025/07/3_14-1.png, https://jozistudenthub.co.za/wp-content/uploads/2025/07/4-7.jpg",,,,,,,,,0,,,,,1,index,21,1,,,,,,,,,,,,,,,,
7122,simple,,,"I Should’ve Known That!",1,0,visible,"Ever found yourself slapping your forehead and yelling, “Seriously, I should’ve known that!”? That’s the magic of <i>this game. A</i> fast‑paced trivia game that tests how much common knowledge you truly have—without Google or Chat! Expect brain freezes, laughs, and those all-too-relatable ""duh!"" moments.","<p data-start=""196"" data-end=""209""><strong data-start=""196"" data-end=""209"">Features:</strong></p>\n\n<ul data-start=""211"" data-end=""418"">\n 	<li data-start=""211"" data-end=""252"">\n<p data-start=""213"" data-end=""252""><span class=""relative -mx-px my-[-0.2rem] rounded px-px py-[0.2rem] transition-colors duration-100 ease-in-out""><strong data-start=""0"" data-end=""20"" data-is-only-node="""">110 sturdy cards</strong> with 400+ questions on basic but surprising facts</span></p>\n</li>\n 	<li data-start=""253"" data-end=""294"">\n<p data-start=""255"" data-end=""294""><span class=""relative -mx-px my-[-0.2rem] rounded px-px py-[0.2rem] transition-colors duration-100 ease-in-out"">Unique scoring: <strong data-start=""16"" data-end=""31"">lose points</strong> for wrong answers, not gain them</span></p>\n</li>\n 	<li data-start=""295"" data-end=""336"">\n<p data-start=""297"" data-end=""336""><span class=""relative -mx-px my-[-0.2rem] rounded px-px py-[0.2rem] transition-colors duration-100 ease-in-out"">Quick setup—jump in within seconds</span></p>\n</li>\n 	<li data-start=""379"" data-end=""418"">\n<p data-start=""381"" data-end=""418""><span class=""relative -mx-px my-[-0.2rem] rounded px-px py-[0.2rem] transition-colors duration-100 ease-in-out"">No batteries or extra gear—just pure trivia fun</span></p>\n</li>\n</ul>",,,taxable,,1,,,0,0,,14.6,4.6,14.6,1,,,77,Gamenight,"cards, fun, Games, party, play",,"https://jozistudenthub.co.za/wp-content/uploads/2025/07/1_12-1.png, https://jozistudenthub.co.za/wp-content/uploads/2025/07/3-14.jpg, https://jozistudenthub.co.za/wp-content/uploads/2025/07/4-8.jpg, https://jozistudenthub.co.za/wp-content/uploads/2025/07/2-14.jpg",,,,,,,,,0,,,,,1,index,20,1,,,,,,,,,,,,,,,,
7127,simple,,,"Let's Get Deep - Friends Edition",1,1,visible,"Ever thought you knew your friends… until you didn’t? <em data-start=""54"" data-end=""87"">Let's Get Deep: Friends Edition</em> drops over <strong data-start=""99"" data-end=""125"">300 conversation cards</strong> across three intimacy levels—Ice Breaker, Deep, and Deeper—to uncover hilarious truths, unexpected stories.","<p data-start=""165"" data-end=""178""><strong data-start=""165"" data-end=""178"">Features:</strong></p>\n\n<ul data-start=""180"" data-end=""345"">\n 	<li data-start=""180"" data-end=""221"">\n<p data-start=""182"" data-end=""221""><span class=""relative -mx-px my-[-0.2rem] rounded px-px py-[0.2rem] transition-colors duration-100 ease-in-out"">300 beautifully illustrated prompt cards, grouped into three levels of depth</span></p>\n</li>\n 	<li data-start=""222"" data-end=""263"">\n<p data-start=""224"" data-end=""263""><span class=""relative -mx-px my-[-0.2rem] rounded px-px py-[0.2rem] transition-colors duration-100 ease-in-out"">Mix of lighthearted and thoughtful questions—grow from basic chit-chat to meaningful convos</span></p>\n</li>\n 	<li data-start=""264"" data-end=""305"">\n<p data-start=""266"" data-end=""305""><span class=""relative -mx-px my-[-0.2rem] rounded px-px py-[0.2rem] transition-colors duration-100 ease-in-out"">Compact, sturdy box ideal for tossing in your backpack</span></p>\n</li>\n 	<li data-start=""306"" data-end=""345"">\n<p data-start=""308"" data-end=""345""><span class=""relative -mx-px my-[-0.2rem] rounded px-px py-[0.2rem] transition-colors duration-100 ease-in-out"">Fast gameplay: pick a level, draw a card, answer—repeat</span></p>\n</li>\n</ul>\n<p data-start=""347"" data-end=""497""><strong data-start=""347"" data-end=""359"">Players:</strong> 2+<br data-start=""362"" data-end=""365"" /><strong data-start=""365"" data-end=""374"">Ages:</strong> 14+ / teens &amp; Uni crowd<br data-start=""405"" data-end=""408"" /><strong data-start=""408"" data-end=""421"">Playtime:</strong> 20–60 mins, depending on squad energy</p>",,,taxable,,1,21,,0,0,,,,,1,,,173,Gamenight,"cards, fun, Games, party, play",,"https://jozistudenthub.co.za/wp-content/uploads/2025/07/1-2-1.png, https://jozistudenthub.co.za/wp-content/uploads/2025/07/4-9.jpg, https://jozistudenthub.co.za/wp-content/uploads/2025/07/5-6.jpg",,,,,,,,,0,,,,,3,index,19,1,,,,,,,,,,,,,,,,
7135,simple,,,"Live Laugh Lose",1,0,visible,"Ready to risk it all on dad jokes? <em data-start=""35"" data-end=""52"">Live Laugh Lose</em> challenges your crew to make opponents crack with the corniest punchlines—by channeling silly voices or emotions from Delivery Cards. If they laugh, you score. If they don’t, they win. Fast-paced, hysterical, and perfect for res lounges, weekend gatherings, or breaking the ice with new mates.","<p data-start=""154"" data-end=""167""><strong data-start=""154"" data-end=""167"">Features:</strong></p>\n\n<ul data-start=""169"" data-end=""378"">\n 	<li data-start=""169"" data-end=""210"">\n<p data-start=""171"" data-end=""210""><span class=""relative -mx-px my-[-0.2rem] rounded px-px py-[0.2rem] transition-colors duration-100 ease-in-out""><strong data-start=""0"" data-end=""18"" data-is-only-node="""">300 Joke Cards</strong> packed with cheesy, cringe-ready one-liners</span></p>\n</li>\n 	<li data-start=""211"" data-end=""252"">\n<p data-start=""213"" data-end=""252""><span class=""relative -mx-px my-[-0.2rem] rounded px-px py-[0.2rem] transition-colors duration-100 ease-in-out""><strong data-start=""0"" data-end=""22"" data-is-only-node="""">100 Delivery Cards</strong> that add hilarious twists: Siri voice, whisper, over-the-top drama, and more</span></p>\n</li>\n 	<li data-start=""253"" data-end=""294"">\n<p data-start=""255"" data-end=""294""><span class=""relative -mx-px my-[-0.2rem] rounded px-px py-[0.2rem] transition-colors duration-100 ease-in-out"">Easy rules: draw, joke, deliver, and watch the reactions fly</span></p>\n</li>\n 	<li data-start=""295"" data-end=""336"">\n<p data-start=""297"" data-end=""336""><span class=""relative -mx-px my-[-0.2rem] rounded px-px py-[0.2rem] transition-colors duration-100 ease-in-out"">Supports <strong data-start=""9"" data-end=""25"">2–20 players</strong>, so it’s great for squads or larger res parties</span></p>\n</li>\n</ul>",,,taxable,,1,,,0,0,,,,,1,,,99,Gamenight,"cards, fun, Games, party, play",,https://jozistudenthub.co.za/wp-content/uploads/2025/07/1_14-1.png,,,,,,,,,0,,,,,,index,18,1,,,,,,,,,,,,,,,,
7137,simple,,,"Never Have I Ever",-1,0,visible,"<p data-start=""157"" data-end=""170""><strong data-start=""157"" data-end=""170"">Features:</strong></p>\n\n<ul data-start=""172"" data-end=""457"">\n 	<li data-start=""172"" data-end=""251"">\n<p data-start=""174"" data-end=""251""><span class=""relative -mx-px my-[-0.2rem] rounded px-px py-[0.2rem] transition-colors duration-100 ease-in-out"">Massive card set: <strong data-start=""18"" data-end=""32"">~550 cards</strong> (≈485 “Never Have I Ever” prompts + 65 rule cards)</span></p>\n</li>\n 	<li data-start=""252"" data-end=""331"">\n<p data-start=""254"" data-end=""331""><span class=""relative -mx-px my-[-0.2rem] rounded px-px py-[0.2rem] transition-colors duration-100 ease-in-out"">Gameplay supports 3–12+ players—great for res common rooms or bigger groups</span></p>\n</li>\n 	<li data-start=""332"" data-end=""373"">\n<p data-start=""334"" data-end=""373""><span class=""relative -mx-px my-[-0.2rem] rounded px-px py-[0.2rem] transition-colors duration-100 ease-in-out"">No setup or tech required—just shuffle and play</span></p>\n</li>\n 	<li data-start=""374"" data-end=""415"">\n<p data-start=""376"" data-end=""415""><span class=""relative -mx-px my-[-0.2rem] rounded px-px py-[0.2rem] transition-colors duration-100 ease-in-out"">Compact box (fits into a backpack or overnight duffel)</span></p>\n</li>\n 	<li data-start=""416"" data-end=""457"">\n<p data-start=""418"" data-end=""457""><span class=""relative -mx-px my-[-0.2rem] rounded px-px py-[0.2rem] transition-colors duration-100 ease-in-out"">Perfect for late-night laughs, dares, and group dares or drinks</span></p>\n</li>\n</ul>\n<p data-start=""459"" data-end=""633""><strong data-start=""459"" data-end=""471"">Players:</strong> 2+<br data-start=""477"" data-end=""480"" /><strong data-start=""480"" data-end=""489"">Ages:</strong> 17+ (some content is explicit)<br data-start=""558"" data-end=""561"" /><strong data-start=""561"" data-end=""574"">Playtime:</strong> 20–60 minutes, depending on how shameless you’re feeling</p>","Ready to spill all your funniest, wildest, or most cringeworthy life experiences? <em data-start=""82"" data-end=""101"">Never Have I Ever</em> is the classic drinking or storytelling game that gets honest truths flowing. Each prompt starts with <em data-start=""204"" data-end=""226"">""Never have I ever…""</em>, and anyone who <em data-start=""243"" data-end=""248"">has</em> done it takes a sip—or shares the story. Perfect for res living rooms, flatmate game nights, or braais with your squad. It’s equal parts hilarious confession, memory lane, and truth serum—all packed into one card box.",,,taxable,,1,,,0,0,,,,,1,,,,Gamenight,"cards, fun, Games, party, play",,,,,,,,,,,0,,,,,,index,,,,,,,,,,,,,,,,,,
7152,simple,,,"Risk It Or Drink It",1,0,visible,"Ready to level up your res-game nights or weekend braais? <em data-start=""58"" data-end=""79"">Risk It or Drink It</em> is a cheeky, challenge-based card game where each draw dares you to risk a task or grab a drink instead. Each turn keeps the suspense high and laughs on lock. It’s easy to learn, hilarious in execution, and guarantees squad bonding whether you choose dare or sip.","<p data-start=""167"" data-end=""180""><strong data-start=""167"" data-end=""180"">Features:</strong></p>\n\n<ul data-start=""182"" data-end=""389"">\n 	<li data-start=""182"" data-end=""223"">\n<p data-start=""184"" data-end=""223""><span class=""relative -mx-px my-[-0.2rem] rounded px-px py-[0.2rem] transition-colors duration-100 ease-in-out""><strong data-start=""0"" data-end=""24"" data-is-only-node="""">150+ challenge cards</strong> across four escalating difficulty levels</span></p>\n</li>\n 	<li data-start=""224"" data-end=""265"">\n<p data-start=""226"" data-end=""265""><span class=""relative -mx-px my-[-0.2rem] rounded px-px py-[0.2rem] transition-colors duration-100 ease-in-out"">Draw a card, complete the dare—or drink if you chicken out</span></p>\n</li>\n 	<li data-start=""266"" data-end=""307"">\n<p data-start=""268"" data-end=""307""><span class=""relative -mx-px my-[-0.2rem] rounded px-px py-[0.2rem] transition-colors duration-100 ease-in-out"">Simple rules, fast setup—play starts instantly</span></p>\n</li>\n 	<li data-start=""308"" data-end=""349"">\n<p data-start=""310"" data-end=""349""><span class=""relative -mx-px my-[-0.2rem] rounded px-px py-[0.2rem] transition-colors duration-100 ease-in-out"">Designed for groups: 2–10 players fits any res corridor or lounge</span></p>\n</li>\n 	<li data-start=""350"" data-end=""389"">\n<p data-start=""352"" data-end=""389""><span class=""relative -mx-px my-[-0.2rem] rounded px-px py-[0.2rem] transition-colors duration-100 ease-in-out"">Compact deck, easy to stash in a backpack or res drawer</span></p>\n</li>\n</ul>\n<p data-start=""391"" data-end=""505""><strong data-start=""391"" data-end=""403"">Players:</strong> 2+<br data-start=""406"" data-end=""409"" /><strong data-start=""409"" data-end=""418"">Ages:</strong> 18+ (some dares may be a bit extreme)<br data-start=""449"" data-end=""452"" /><strong data-start=""452"" data-end=""465"">Playtime:</strong> 15–45 minutes, depending on crew energy</p>",,,taxable,,1,,,0,0,,,,,1,,,85,Gamenight,"cards, fun, Games, party, play",,"https://jozistudenthub.co.za/wp-content/uploads/2025/07/1_9-1.png, https://jozistudenthub.co.za/wp-content/uploads/2025/07/3-16.jpg, https://jozistudenthub.co.za/wp-content/uploads/2025/07/2-16.jpg, https://jozistudenthub.co.za/wp-content/uploads/2025/07/4-10.jpg",,,,,,,,,0,,,,,1,index,17,1,,,,,,,,,,,,,,,,
7157,simple,,,"Sh*t Happens",1,0,visible,"Life’s full of cringe moments and WTF situations—and <em data-start=""53"" data-end=""67"">Shit Happens</em> turns them into the ultimate conversation starter. With 200 hilariously illustrated ""shit"" scenarios ranked on a Misery Index from bad to WTF, this game challenges your crew to predict where each situation lands. First to collect 10 cards wins—but expect lots of laughter, debate, and “how is that worse than being hijacked?” moments. Perfect for chillas at res, road trips, or fam dinner showdowns.","<p data-start=""157"" data-end=""170""><strong data-start=""157"" data-end=""170"">Features:</strong></p>\n\n<ul data-start=""172"" data-end=""379"">\n 	<li data-start=""172"" data-end=""213"">\n<p data-start=""174"" data-end=""213""><span class=""relative -mx-px my-[-0.2rem] rounded px-px py-[0.2rem] transition-colors duration-100 ease-in-out"">200 irreverent and witty ""Situation Cards""</span></p>\n</li>\n 	<li data-start=""214"" data-end=""255"">\n<p data-start=""216"" data-end=""255""><span class=""relative -mx-px my-[-0.2rem] rounded px-px py-[0.2rem] transition-colors duration-100 ease-in-out"">Misery Index rankings from 1–100, all vetted by professional counselors—yes, really</span></p>\n</li>\n 	<li data-start=""256"" data-end=""297"">\n<p data-start=""258"" data-end=""297""><span class=""relative -mx-px my-[-0.2rem] rounded px-px py-[0.2rem] transition-colors duration-100 ease-in-out"">Easy-to-follow gameplay: guess the ranking, win cards—first to 10 wins</span></p>\n</li>\n 	<li data-start=""298"" data-end=""339"">\n<p data-start=""300"" data-end=""339""><span class=""relative -mx-px my-[-0.2rem] rounded px-px py-[0.2rem] transition-colors duration-100 ease-in-out"">Supports 2+ players, ages 18+</span></p>\n</li>\n 	<li data-start=""340"" data-end=""379"">\n<p data-start=""342"" data-end=""379""><span class=""relative -mx-px my-[-0.2rem] rounded px-px py-[0.2rem] transition-colors duration-100 ease-in-out"">Compact box (approx. 16 cm × 11 cm) that’s easy to stash in a backpack or dorm drawer</span></p>\n</li>\n</ul>",,,taxable,,1,,,0,0,,,,,1,,,110,Gamenight,"cards, fun, Games, party, play",,"https://jozistudenthub.co.za/wp-content/uploads/2025/07/2_3-1.png, https://jozistudenthub.co.za/wp-content/uploads/2025/07/3-17.jpg",,,,,,,,,0,,,,,,index,16,1,,,,,,,,,,,,,,,,
7161,simple,,,"Spank The Yeti",1,1,visible,"Ever wondered how well you <em data-start=""224"" data-end=""234"">actually</em> know your crew? <em data-start=""251"" data-end=""267"">Spank The Yeti</em> is the card game that dares you to find out. One player becomes “the Yeti” and secretly matches ridiculous Action cards with random Objects—like “twerk for a bursary” or “share a toothbrush with your roommate.” The rest of the squad has to guess how the Yeti would pair them. It’s chaotic, unpredictable, and perfect for res nights and Saturday pre-games.","<p data-start=""179"" data-end=""194""><strong data-start=""179"" data-end=""192"">Features:</strong></p>\n\n<ul data-start=""195"" data-end=""518"">\n 	<li data-start=""195"" data-end=""274"">\n<p data-start=""197"" data-end=""274""><span class=""relative -mx-px my-[-0.2rem] rounded px-px py-[0.2rem] transition-colors duration-100 ease-in-out"">Huge deck: <strong data-start=""11"" data-end=""24"">436 cards</strong> (Action + Object) plus ABC/123 guess cards</span></p>\n</li>\n 	<li data-start=""275"" data-end=""316"">\n<p data-start=""277"" data-end=""316""><span class=""relative -mx-px my-[-0.2rem] rounded px-px py-[0.2rem] transition-colors duration-100 ease-in-out"">Easy setup, intuitive play—no app, no fuss</span></p>\n</li>\n 	<li data-start=""317"" data-end=""396"">\n<p data-start=""319"" data-end=""396""><span class=""relative -mx-px my-[-0.2rem] rounded px-px py-[0.2rem] transition-colors duration-100 ease-in-out"">For <strong data-start=""4"" data-end=""20"">2–10 players</strong>, adults only (17+)</span></p>\n</li>\n 	<li data-start=""397"" data-end=""438"">\n<p data-start=""399"" data-end=""438""><span class=""relative -mx-px my-[-0.2rem] rounded px-px py-[0.2rem] transition-colors duration-100 ease-in-out"">Hilarious combinations: endless replay potential</span></p>\n</li>\n</ul>",,,taxable,,1,,,0,0,,,,,1,,,170,Gamenight,"cards, fun, Games, play",,"https://jozistudenthub.co.za/wp-content/uploads/2025/07/2_6-1.png, https://jozistudenthub.co.za/wp-content/uploads/2025/07/3-18.jpg",,,,,,,,,0,,,,,,index,15,1,,,,,,,,,,,,,,,,
7165,simple,,,"These Cards Will Get You Drunk Too",1,0,visible,"Grinding through assignments and could seriously use a night off? <em data-start=""66"" data-end=""102"">These Cards Will Get You Drunk Too</em> is the ideal pregame card pack that revives any low‑key res-night into a proper party.","<h3 data-start=""201"" data-end=""218""><strong data-start=""205"" data-end=""218"">Features:</strong></h3>\n<ul data-start=""220"" data-end=""427"">\n 	<li data-start=""220"" data-end=""261"">\n<p data-start=""222"" data-end=""261""><span class=""relative -mx-px my-[-0.2rem] rounded px-px py-[0.2rem] transition-colors duration-100 ease-in-out"">100 unique challenge cards—screw your mates or get screwed</span></p>\n</li>\n 	<li data-start=""262"" data-end=""303"">\n<p data-start=""264"" data-end=""303""><span class=""relative -mx-px my-[-0.2rem] rounded px-px py-[0.2rem] transition-colors duration-100 ease-in-out"">Compact, portable deck fits easily in res drawers or backpacks</span></p>\n</li>\n 	<li data-start=""304"" data-end=""345"">\n<p data-start=""306"" data-end=""345""><span class=""relative -mx-px my-[-0.2rem] rounded px-px py-[0.2rem] transition-colors duration-100 ease-in-out"">Fast-paced play: no setup, no app, just raw fun</span></p>\n</li>\n 	<li data-start=""346"" data-end=""387"">\n<p data-start=""348"" data-end=""387""><span class=""relative -mx-px my-[-0.2rem] rounded px-px py-[0.2rem] transition-colors duration-100 ease-in-out"">Supports 2–8 players, ages 21+—great for squad hangouts</span></p>\n</li>\n 	<li data-start=""388"" data-end=""427"">\n<p data-start=""390"" data-end=""427""><span class=""relative -mx-px my-[-0.2rem] rounded px-px py-[0.2rem] transition-colors duration-100 ease-in-out"">Can be played alone or paired with the original deck</span></p>\n</li>\n</ul>",,,taxable,,1,,,0,0,,,,,1,,,65,Gamenight,"cards, fun, Games, party, play",,"https://jozistudenthub.co.za/wp-content/uploads/2025/07/1_17-1.png, https://jozistudenthub.co.za/wp-content/uploads/2025/07/2-19.jpg",,,,,,,,,0,,,,,,index,14,1,,,,,,,,,,,,,,,,
7168,simple,,,"Things They Didn't Teach You In School",1,0,visible,"Forget the dates of Napoleon’s conquests and biology jargon. This game serves up over 400 jaw-dropping, laugh-out-loud facts you <em data-start=""158"" data-end=""165"">won’t</em> find in a syllabus.\n\nIdeal for res dinner tables, weekend slops, or that “one more round” vibe with friends—without needing a lecture to go with it.","<h3 data-start=""222"" data-end=""239""><strong data-start=""226"" data-end=""239"">Features:</strong></h3>\n<ul data-start=""241"" data-end=""480"">\n 	<li data-start=""241"" data-end=""319"">\n<p data-start=""243"" data-end=""319""><span class=""relative -mx-px my-[-0.2rem] rounded px-px py-[0.2rem] transition-colors duration-100 ease-in-out"">110 cards packed with over 400 trivia questions and answers</span></p>\n</li>\n 	<li data-start=""320"" data-end=""361"">\n<p data-start=""322"" data-end=""361""><span class=""relative -mx-px my-[-0.2rem] rounded px-px py-[0.2rem] transition-colors duration-100 ease-in-out"">Quick and easy gameplay—no app, no setup, instant fun</span></p>\n</li>\n 	<li data-start=""362"" data-end=""403"">\n<p data-start=""364"" data-end=""403""><span class=""relative -mx-px my-[-0.2rem] rounded px-px py-[0.2rem] transition-colors duration-100 ease-in-out"">Compact and bag-friendly: 14.5 cm square by 4.5 cm thick</span></p>\n</li>\n 	<li data-start=""404"" data-end=""480"">\n<p data-start=""406"" data-end=""480""><span class=""relative -mx-px my-[-0.2rem] rounded px-px py-[0.2rem] transition-colors duration-100 ease-in-out"">2+ players—great for squad nights or family gatherings</span></p>\n</li>\n</ul>",,,taxable,,1,,,0,0,,,,,1,,,76,Gamenight,"cards, fun, Games, play",,https://jozistudenthub.co.za/wp-content/uploads/2025/07/2_11-1.png,,,,,,,,,0,,,,,2,index,13,1,,,,,,,,,,,,,,,,
7171,simple,,,"Top Of Mind",1,0,visible,"<p data-start=""132"" data-end=""169""><span class=""relative -mx-px my-[-0.2rem] rounded px-px py-[0.2rem] transition-colors duration-100 ease-in-out"">Think you can read the room? <em data-start=""29"" data-end=""42"">Top of Mind</em> is a high-speed party game built around telepathy, quick thinking, and cheeky guessing. With over <strong data-start=""141"" data-end=""177"">400 hilarious and random prompts.</strong></span></p>\n<p data-start=""171"" data-end=""208""><span class=""relative -mx-px my-[-0.2rem] rounded px-px py-[0.2rem] transition-colors duration-100 ease-in-out"">Perfect for res lounges, weekend game nights, or pre-drinks energy. Light, funny, and addictively replayable—everyone’s in on the fun immediately.</span></p>","<h3 data-start=""215"" data-end=""232""><strong data-start=""219"" data-end=""232"">Features:</strong></h3>\n<ul data-start=""234"" data-end=""561"">\n 	<li data-start=""234"" data-end=""313"">\n<p data-start=""236"" data-end=""313""><span class=""relative -mx-px my-[-0.2rem] rounded px-px py-[0.2rem] transition-colors duration-100 ease-in-out""><strong data-start=""0"" data-end=""20"" data-is-only-node="""">110 prompt cards</strong> that each include multiple categories (400+ possible topics)</span></p>\n</li>\n 	<li data-start=""314"" data-end=""355"">\n<p data-start=""316"" data-end=""355""><span class=""relative -mx-px my-[-0.2rem] rounded px-px py-[0.2rem] transition-colors duration-100 ease-in-out""><em data-start=""0"" data-end=""24"" data-is-only-node="""">Simultaneous answering</em>—no one sits out</span></p>\n</li>\n 	<li data-start=""356"" data-end=""397"">\n<p data-start=""358"" data-end=""397""><span class=""relative -mx-px my-[-0.2rem] rounded px-px py-[0.2rem] transition-colors duration-100 ease-in-out"">Simple mechanics—pick a category, write an answer, compare—and bam, you’re in the game</span></p>\n</li>\n 	<li data-start=""398"" data-end=""439"">\n<p data-start=""400"" data-end=""439""><span class=""relative -mx-px my-[-0.2rem] rounded px-px py-[0.2rem] transition-colors duration-100 ease-in-out"">Game rounds last <strong data-start=""17"" data-end=""34"">15–45 minutes</strong>, great for tight res schedules</span></p>\n</li>\n 	<li data-start=""440"" data-end=""519"">\n<p data-start=""442"" data-end=""519""><span class=""relative -mx-px my-[-0.2rem] rounded px-px py-[0.2rem] transition-colors duration-100 ease-in-out"">Ideal for groups of <strong data-start=""20"" data-end=""39"">3 to 99 players</strong> (more minds, more matches!)</span></p>\n</li>\n 	<li data-start=""520"" data-end=""561"">\n<p data-start=""522"" data-end=""561""><span class=""relative -mx-px my-[-0.2rem] rounded px-px py-[0.2rem] transition-colors duration-100 ease-in-out"">Compact size (~14.5 cm square box), perfect for tossing into your backpack or stash spot</span></p>\n</li>\n</ul>",,,taxable,,1,,,0,0,,,,,1,,,49,Gamenight,"cards, fun, Games, play",,https://jozistudenthub.co.za/wp-content/uploads/2025/07/1_10-1.png,,,,,,,,,0,,,,,,index,12,1,,,,,,,,,,,,,,,,
7175,simple,,,Twister,1,0,visible,"Get ready to bend, stretch, and laugh your way into unforgettable chaos with <em data-start=""323"" data-end=""332"">Twister</em>—the ultimate body-bending party game.","<h3 data-start=""690"" data-end=""707""><strong data-start=""694"" data-end=""707"">Features:</strong></h3>\n<ul data-start=""709"" data-end=""1089"">\n 	<li data-start=""709"" data-end=""789"">\n<p data-start=""711"" data-end=""789"">Large <strong data-start=""717"" data-end=""738"">vinyl Twister mat</strong> with iconic red, blue, yellow, and green circles</p>\n</li>\n 	<li data-start=""790"" data-end=""852"">\n<p data-start=""792"" data-end=""852""><strong data-start=""792"" data-end=""817"">Classic spinner board</strong> with easy-to-follow instructions</p>\n</li>\n 	<li data-start=""853"" data-end=""927"">\n<p data-start=""855"" data-end=""927"">For <strong data-start=""859"" data-end=""880"">2 or more players</strong>—no limit if your res crew wants to rotate in</p>\n</li>\n 	<li data-start=""928"" data-end=""1007"">\n<p data-start=""930"" data-end=""1007"">Folds up neatly for storage under a bed, in a cupboard, or in your backpack</p>\n</li>\n 	<li data-start=""1008"" data-end=""1089"">\n<p data-start=""1010"" data-end=""1089"">Great for icebreakers, pre-games, or flexing your yoga skills (or lack thereof)</p>\n</li>\n</ul>",,,taxable,,1,,,0,0,,,,,1,,,135,Gamenight,"fun, Games, play",,"https://jozistudenthub.co.za/wp-content/uploads/2025/07/1-21.jpg, https://jozistudenthub.co.za/wp-content/uploads/2025/07/4-11.jpg",,,,,,,,,0,,,,,,index,11,1,,,,,,,,,,,,,,,,
7178,simple,,,"What Do You Meme?",1,0,visible,"Think you've got the meme game on lock? <em data-start=""40"" data-end=""59"">What Do You Meme?</em> takes your online scroll habits IRL—pairing iconic photos with your funniest caption cards to create memes.\n\nQuick, hilarious, and guaranteed to break the ice or get everyone rolling on the floor—and yes, perfect for when you are hosting.","<h3 data-start=""176"" data-end=""195""><strong data-start=""180"" data-end=""193"">Features:</strong></h3>\n<ul data-start=""196"" data-end=""517"">\n 	<li data-start=""196"" data-end=""275"">\n<p data-start=""198"" data-end=""275""><span class=""relative -mx-px my-[-0.2rem] rounded px-px py-[0.2rem] transition-colors duration-100 ease-in-out"">435 premium cards: <strong data-start=""19"" data-end=""57"" data-is-last-node="""">75 Photo Cards + 360 Caption Cards</strong></span></p>\n</li>\n 	<li data-start=""276"" data-end=""355"">\n<p data-start=""278"" data-end=""355""><span class=""relative -mx-px my-[-0.2rem] rounded px-px py-[0.2rem] transition-colors duration-100 ease-in-out"">Durable gloss-finish cards and display easel included</span></p>\n</li>\n 	<li data-start=""356"" data-end=""397"">\n<p data-start=""358"" data-end=""397""><span class=""relative -mx-px my-[-0.2rem] rounded px-px py-[0.2rem] transition-colors duration-100 ease-in-out"">Fast rules—only minutes to learn, hours of meme battles</span></p>\n</li>\n 	<li data-start=""398"" data-end=""477"">\n<p data-start=""400"" data-end=""477""><span class=""relative -mx-px my-[-0.2rem] rounded px-px py-[0.2rem] transition-colors duration-100 ease-in-out"">Supports <strong data-start=""9"" data-end=""28"">3 to 20 players</strong>, ages 17+</span></p>\n</li>\n 	<li data-start=""478"" data-end=""517"">\n<p data-start=""480"" data-end=""517""><span class=""relative -mx-px my-[-0.2rem] rounded px-px py-[0.2rem] transition-colors duration-100 ease-in-out"">Perfect for squad game nights, party preludes, or post-exam relaxation</span></p>\n</li>\n</ul>",,,taxable,,1,,,0,0,,,,,1,,,137,Gamenight,"cards, fun, Games, play",,"https://jozistudenthub.co.za/wp-content/uploads/2025/07/3-19.jpg, https://jozistudenthub.co.za/wp-content/uploads/2025/07/2-22.jpg, https://jozistudenthub.co.za/wp-content/uploads/2025/07/4-12.jpg, https://jozistudenthub.co.za/wp-content/uploads/2025/07/1-22.jpg",,,,,,,,,0,,,,,,index,10,1,,,,,,,,,,,,,,,,
7183,simple,,,"You Laugh You Drink",1,0,visible,"The rules are wild, the laughs are dangerous, and the drinks? Mandatory. The ultimate party game where trying to keep a straight face turns into your downfall. Grab your friends, shuffle the deck, and watch chaos unfold as someone tries (and fails) to stay serious while reading hilarious prompts. If they crack a smile — they drink. Simple. Brutal. <strong>Legendary.</strong>","<strong data-start=""637"" data-end=""654"">Features:</strong>\n\n• 150 hilarious action cards\n• Fast-paced gameplay for 3+ players<br data-start=""724"" data-end=""727"" />• Perfect for pre-games, afters, and res parties<br data-start=""775"" data-end=""778"" data-is-only-node="""" />• No complicated rules — read, act, laugh, drink<br data-start=""826"" data-end=""829"" />• Ages 21+ (or whenever you're vibing with soft drinks)<br data-start=""884"" data-end=""887"" />• Portable deck size — take it anywhere<br data-start=""926"" data-end=""929"" />• Combine with other card games for an ultimate party night",,,taxable,,1,18,,0,0,,,,,1,,,79,Gamenight,"cards, fun, Games, party, play",,https://jozistudenthub.co.za/wp-content/uploads/2025/07/1-23.jpg,,,,,,,,,0,,,,,,index,,1,,,,,,,,,,,,,,,,
7185,simple,,,"You Lie You Drink",1,0,visible,"<p data-start=""144"" data-end=""181""><span class=""relative -mx-px my-[-0.2rem] rounded px-px py-[0.2rem] transition-colors duration-100 ease-in-out"">Brace yourself for truth or bluff chaos with <em data-start=""45"" data-end=""64"">You Lie You Drink</em>, the card game that turns your crew into lie detectors—or doomed drinkers.</span></p>\n<p data-start=""144"" data-end=""181""><span class=""relative -mx-px my-[-0.2rem] rounded px-px py-[0.2rem] transition-colors duration-100 ease-in-out"">Perfect for res lounges, pre-night-out warmups, or turning study breaks into laugh-stuffed revelations.</span></p>","<h3 data-start=""227"" data-end=""244""><strong data-start=""231"" data-end=""244"">Features:</strong></h3>\n<ul data-start=""246"" data-end=""567"">\n 	<li data-start=""246"" data-end=""325"">\n<p data-start=""248"" data-end=""325""><span class=""relative -mx-px my-[-0.2rem] rounded px-px py-[0.2rem] transition-colors duration-100 ease-in-out""><strong data-start=""0"" data-end=""20"" data-is-only-node="""">150 prompt cards</strong> invite you to share real stories or bluff creatively (e.g., “I once kissed a celebrity” or “I’ve never broken a bone”)</span></p>\n</li>\n 	<li data-start=""326"" data-end=""405"">\n<p data-start=""328"" data-end=""405""><span class=""relative -mx-px my-[-0.2rem] rounded px-px py-[0.2rem] transition-colors duration-100 ease-in-out""><strong data-start=""0"" data-end=""30"" data-is-only-node="""">Simple turn-based gameplay</strong>: pick a card, make your statement, face the verdict—no setup hassles</span></p>\n</li>\n 	<li data-start=""406"" data-end=""485"">\n<p data-start=""408"" data-end=""485""><span class=""relative -mx-px my-[-0.2rem] rounded px-px py-[0.2rem] transition-colors duration-100 ease-in-out""><strong data-start=""0"" data-end=""18"" data-is-only-node="""">For 3+ players</strong>, suitable for ages 21+—guaranteed laugh fuel for adult groups</span></p>\n</li>\n 	<li data-start=""486"" data-end=""567"">\n<p data-start=""488"" data-end=""567""><span class=""relative -mx-px my-[-0.2rem] rounded px-px py-[0.2rem] transition-colors duration-100 ease-in-out"">Box includes prompt deck and clear “truth/lies” voting cards to keep everyone in the game flow</span></p>\n</li>\n</ul>",,,taxable,,1,,,0,0,,,,,1,,,69,Gamenight,"cards, fun, Games, party, play",,"https://jozistudenthub.co.za/wp-content/uploads/2025/07/1-24.jpg, https://jozistudenthub.co.za/wp-content/uploads/2025/07/2-23.jpg, https://jozistudenthub.co.za/wp-content/uploads/2025/07/3-20.jpg",,,,,,,,,0,,,,,1,index,4,1,,,,,9,0,0,,,,,,,,,
7217,variable,,,"Non-stick Frying Pan",1,0,visible,"Looking for a reliable frying pan that doesn’t stick, keeps things neat, and doesn’t hog your res cupboard? The Synmore marble-coated non-stick pan heats evenly, and saves cooking time (plus cleaning is a breeze).","<h3 data-start=""172"" data-end=""191""><strong data-start=""176"" data-end=""189"">Features:</strong></h3>\n<ul data-start=""192"" data-end=""357"">\n 	<li data-start=""192"" data-end=""233"">\n<p data-start=""194"" data-end=""233""><span class=""relative -mx-px my-[-0.2rem] rounded px-px py-[0.2rem] transition-colors duration-100 ease-in-out"">Marble-textured non-stick coating lets you cook with minimal oil—and scrubbing is nearly a thing of the past.</span></p>\n</li>\n 	<li data-start=""234"" data-end=""275"">\n<p data-start=""236"" data-end=""275""><span class=""relative -mx-px my-[-0.2rem] rounded px-px py-[0.2rem] transition-colors duration-100 ease-in-out"">Thick forged base ensures even heat distribution and lowers risk of burnt food or hotspot disasters.</span></p>\n</li>\n 	<li data-start=""276"" data-end=""317"">\n<p data-start=""278"" data-end=""317""><span class=""relative -mx-px my-[-0.2rem] rounded px-px py-[0.2rem] transition-colors duration-100 ease-in-out"">Wooden handle stays cool under pressure, so no oven mitts or burns.</span></p>\n</li>\n 	<li data-start=""318"" data-end=""357"">\n<p data-start=""320"" data-end=""357""><span class=""relative -mx-px my-[-0.2rem] rounded px-px py-[0.2rem] transition-colors duration-100 ease-in-out"">Lightweight and compact—slides under the res-room bed or stacks with other pans easily.</span></p>\n</li>\n</ul>\n<h3 data-start=""359"" data-end=""375""><strong data-start=""363"" data-end=""373"">Specs:</strong></h3>\n<ul data-start=""376"" data-end=""661"">\n 	<li data-start=""456"" data-end=""535""><span class=""relative -mx-px my-[-0.2rem] rounded px-px py-[0.2rem] transition-colors duration-100 ease-in-out""><strong data-start=""0"" data-end=""13"" data-is-only-node="""">Material:</strong> Forged aluminum with marble non-stick coating; wood‑style handle (heat-resistant)</span></li>\n 	<li data-start=""620"" data-end=""661"">\n<p data-start=""622"" data-end=""661""><span class=""relative -mx-px my-[-0.2rem] rounded px-px py-[0.2rem] transition-colors duration-100 ease-in-out""><strong data-start=""0"" data-end=""9"" data-is-only-node="""">Care:</strong> Best hand-washed to preserve coating (recommend silicone/nylon utensils only)</span></p>\n</li>\n</ul>",,,taxable,,1,,,0,0,,,,,0,,,,Kitchenware,"cook, Frying, Pan",,https://jozistudenthub.co.za/wp-content/uploads/2025/07/frying-pan1.png,,,,,,,,,0,,,,,2,index,3,1,Size,"24cm, 26cm, 28cm",1,0,,,,,,,,,,,,
7218,variation,,,"Non-stick Frying Pan - 24cm",1,0,visible,,,,,taxable,parent,1,,,0,0,,,,,0,,,105,,,,https://jozistudenthub.co.za/wp-content/uploads/2025/07/IMG_20250729_110023.png,,,id:7217,,,,,,1,,,,"{""gallery_source"":""default"",""images"":[]}",,,,,Size,24cm,,0,,,,,,,,,,,,
7219,variation,,,"Non-stick Frying Pan - 26cm",1,0,visible,,,,,taxable,parent,1,,,0,0,,45,27.5,5,0,,,120,,,,https://jozistudenthub.co.za/wp-content/uploads/2025/07/IMG_20250729_110042.png,,,id:7217,,,,,,2,,,,"{""gallery_source"":""default"",""images"":[]}",,,,,Size,26cm,,0,,,,,,,,,,,,
7220,variation,,,"Non-stick Frying Pan - 28cm",1,0,visible,,,,,taxable,parent,1,,,0,0,,,,,0,,,140,,,,https://jozistudenthub.co.za/wp-content/uploads/2025/07/IMG_20250729_110107.png,,,id:7217,,,,,,3,,,,"{""gallery_source"":""default"",""images"":[]}",,,,,Size,28cm,,0,,,,,,,,,,,,
7221,simple,,,"Nova Luxury Soft - Toilet Tissue",1,0,visible,"<span class=""relative -mx-px my-[-0.2rem] rounded px-px py-[0.2rem] transition-colors duration-100 ease-in-out"">Stocking the bathroom doesn’t have to be basic. <em data-start=""48"" data-end=""66"">Nova Luxury Soft</em> brings softness and strength without carving into your student budget. These 2-ply rolls feel premium—almost spa-like—but fit into any res-room with its compact 9-roll pack size. Eco-conscious, durable, and kind on skin—this is the kind of everyday upgrade you didn't know you needed.</span>","<h3 data-start=""177"" data-end=""196""><strong data-start=""181"" data-end=""194"">Features:</strong></h3>\n<ul data-start=""197"" data-end=""400"">\n 	<li data-start=""197"" data-end=""238"">\n<p data-start=""199"" data-end=""238""><span class=""relative -mx-px my-[-0.2rem] rounded px-px py-[0.2rem] transition-colors duration-100 ease-in-out"">Ultra-soft double-ply tissue for comfort without sacrificing durability</span></p>\n</li>\n 	<li data-start=""239"" data-end=""280"">\n<p data-start=""241"" data-end=""280""><span class=""relative -mx-px my-[-0.2rem] rounded px-px py-[0.2rem] transition-colors duration-100 ease-in-out"">350 sheets per roll (9-roll pack) for long-lasting use</span></p>\n</li>\n 	<li data-start=""281"" data-end=""322"">\n<p data-start=""283"" data-end=""322""><span class=""relative -mx-px my-[-0.2rem] rounded px-px py-[0.2rem] transition-colors duration-100 ease-in-out"">Made from FSC‑certified sugarcane waste fibre using chlorine-free processing</span></p>\n</li>\n 	<li data-start=""323"" data-end=""400"">\n<p data-start=""325"" data-end=""400""><span class=""relative -mx-px my-[-0.2rem] rounded px-px py-[0.2rem] transition-colors duration-100 ease-in-out"">Biodegradable and recyclable—kind to the planet and your conscience</span></p>\n</li>\n</ul>",,,taxable,,1,,,0,0,,,,,1,,,59,"Hygiene, Self-care","2ply, bathroom, tissue",,"https://jozistudenthub.co.za/wp-content/uploads/2025/07/IMG_20250730_130058.png, https://jozistudenthub.co.za/wp-content/uploads/2025/07/IMG_20250730_130108.png",,,,,,,,,0,,Nova,,,2,index,1,1,,,,,,,,,,,,,,,,
7222,variable,,,"Perfecto Dishwashing Liquid",1,0,visible,"<p data-start=""176"" data-end=""193"">Say goodbye to greasy pans and sticky cutlery—and hello to kitchen MVP status with <em data-start=""83"" data-end=""118"">Perfecto Dishwashing Liquid</em>. This compact 750 ml bottle fits neatly next to your res sink and packs enough punch to clean heaped dishes after braai leftovers or late-night noodle bowls. It smells fresh, cuts through grime fast, and is mild on hands—perfect for students juggling shared kitchens and busy schedules.</p>","<h3 data-start=""176"" data-end=""193""><strong data-start=""180"" data-end=""193"">Features:</strong></h3>\n<ul data-start=""195"" data-end=""402"">\n 	<li data-start=""195"" data-end=""236"">\n<p data-start=""197"" data-end=""236""><span class=""relative -mx-px my-[-0.2rem] rounded px-px py-[0.2rem] transition-colors duration-100 ease-in-out""><strong data-start=""0"" data-end=""30"" data-is-only-node="""">Powerful degreasing action</strong> easily breaks down oil and stuck-on food</span></p>\n</li>\n 	<li data-start=""237"" data-end=""278"">\n<p data-start=""239"" data-end=""278""><span class=""relative -mx-px my-[-0.2rem] rounded px-px py-[0.2rem] transition-colors duration-100 ease-in-out""><strong data-start=""0"" data-end=""26"" data-is-only-node="""">Refreshing scent</strong> that leaves dishes sparkling and your kitchen smelling clean</span></p>\n</li>\n 	<li data-start=""279"" data-end=""320"">\n<p data-start=""281"" data-end=""320""><span class=""relative -mx-px my-[-0.2rem] rounded px-px py-[0.2rem] transition-colors duration-100 ease-in-out""><strong data-start=""0"" data-end=""25"" data-is-only-node="""">Hand-friendly formula</strong>—won’t dry out your skin after dish duty</span></p>\n</li>\n 	<li data-start=""321"" data-end=""362"">\n<p data-start=""323"" data-end=""362""><span class=""relative -mx-px my-[-0.2rem] rounded px-px py-[0.2rem] transition-colors duration-100 ease-in-out""><strong data-start=""0"" data-end=""23"" data-is-only-node="""">Compact bottle size</strong>—great for tight res cupboards or shelf space</span></p>\n</li>\n 	<li data-start=""363"" data-end=""402"">\n<p data-start=""365"" data-end=""402""><span class=""relative -mx-px my-[-0.2rem] rounded px-px py-[0.2rem] transition-colors duration-100 ease-in-out""><strong data-start=""0"" data-end=""19"" data-is-only-node="""">Budget-friendly</strong>—big value in one smart purchase</span></p>\n</li>\n</ul>",,,taxable,,1,,,0,0,,,,,0,,,,Hygiene,"clean, Dishwashing, liquid, sunlight",,https://jozistudenthub.co.za/wp-content/uploads/2025/07/IMG_20250730_130338.png,,,,,,,,,0,,Perfecto,,,,index,2,1,Size,"400ml, 750ml, 1.5l",1,0,,,,,Scent,"Lemon, Exotic Berries",1,0,,,,
7230,simple,,,"Donut Pan (12‑Hole)",1,0,visible,"<p data-start=""261"" data-end=""636"">Bring the bake‑night to life with this Salitanz 12‑hole donut pan. Whether you're whipping up mini donut treats for a chillas, serving them after group study carbs, or experimenting with homemade snacks, this pan keeps things simple and fun.</p>","<h3 data-start=""784"" data-end=""803""><strong data-start=""788"" data-end=""801"">Features:</strong></h3>\n<ul data-start=""805"" data-end=""1380"">\n 	<li data-start=""805"" data-end=""873"">\n<p data-start=""807"" data-end=""873"">Holds 12 donut cavities—perfect for sharing or single‑batch runs</p>\n</li>\n 	<li data-start=""874"" data-end=""950"">\n<p data-start=""876"" data-end=""950"">Non‑stick carbon steel means donuts pop out easily and cleaning is quick</p>\n</li>\n 	<li data-start=""951"" data-end=""1025"">\n<p data-start=""953"" data-end=""1025"">Sturdy construction—designed to take repeated oven use without warping</p>\n</li>\n 	<li data-start=""1026"" data-end=""1283"">\n<p data-start=""1028"" data-end=""1283"">Slim profile (~40 cm x 28 cm footprint with ~2 cm depth) so it tucks into cabinets or res-room draws effortlessly</p>\n</li>\n 	<li data-start=""1284"" data-end=""1380"">\n<p data-start=""1286"" data-end=""1380"">Multi-use: double as muffin pan, cake pops tray, mini quiche mould—perfect for crowd cooking</p>\n</li>\n</ul>",,,taxable,,1,17,,0,0,,40,2,28,1,,,119,Kitchenware,"baking, doughnuts, Pan",,https://jozistudenthub.co.za/wp-content/uploads/2025/07/IMG_20250730_125807.png,,,,,,,,,0,,Salitanz,,,2,index,8,1,,,,,,,,,,,,,,,,
7232,variable,,,"Spy x Family Tote Bag",1,0,visible,"Show off your love for Anya, Loid, Yor, and Bond with this vibrant, officially licensed <em data-start=""88"" data-end=""102"">Spy x Family</em> tote bag. Lightweight and spacious, it’s designed for carrying everything from your lecture notes to weekend snacks. Whether you're headed to class, the café, or a manga sesh with your crew, it's the perfect statement piece: cute, functional, and totally on brand.","<h3 data-start=""214"" data-end=""233""><strong data-start=""218"" data-end=""231"">Features:</strong></h3>\n<ul data-start=""234"" data-end=""597"">\n 	<li data-start=""234"" data-end=""313"">\n<p data-start=""236"" data-end=""313""><span class=""relative -mx-px my-[-0.2rem] rounded px-px py-[0.2rem] transition-colors duration-100 ease-in-out"">Bold design featuring the Forger family in full color</span></p>\n</li>\n 	<li data-start=""314"" data-end=""393"">\n<p data-start=""316"" data-end=""393""><span class=""relative -mx-px my-[-0.2rem] rounded px-px py-[0.2rem] transition-colors duration-100 ease-in-out"">Durable 100% polyester shell or heavyweight canvas options available</span></p>\n</li>\n 	<li data-start=""394"" data-end=""473"">\n<p data-start=""396"" data-end=""473""><span class=""relative -mx-px my-[-0.2rem] rounded px-px py-[0.2rem] transition-colors duration-100 ease-in-out"">Wide cotton straps (approx. 2.5 cm) — comfy on the shoulder, even when top‑heavy with books or a laptop</span></p>\n</li>\n 	<li data-start=""474"" data-end=""555"">\n<p data-start=""476"" data-end=""555""><span class=""relative -mx-px my-[-0.2rem] rounded px-px py-[0.2rem] transition-colors duration-100 ease-in-out"">Available in multiple sizes, from compact (21″ strap) to extra large (29″ strap), so you pick what works for your daily haul</span></p>\n</li>\n 	<li data-start=""556"" data-end=""597"">\n<p data-start=""558"" data-end=""597""><span class=""relative -mx-px my-[-0.2rem] rounded px-px py-[0.2rem] transition-colors duration-100 ease-in-out"">Easy-care, machine-wash light cycle—just air dry or tumble low</span></p>\n</li>\n</ul>",,,taxable,,1,,,0,0,,,,,0,,,,Lifestyle,"anime, bag, tote",,https://jozistudenthub.co.za/wp-content/uploads/2025/07/IMG_20250720_144759-3.png,,,,,,,,,0,,,,,,index,5,1,Color,"White, Black, Beige",1,0,,,,White,,,,,,,,
7233,variation,,,"Spy x Family Tote Bag - White",1,0,visible,,,,,taxable,parent,1,1,,0,0,,,,,0,,,,,,,https://jozistudenthub.co.za/wp-content/uploads/2025/07/IMG_20250720_144759-2.png,,,id:7232,,,,,,1,,,,"{""gallery_source"":""default"",""images"":[]}",,,,,Color,White,,0,,,,,,,,,,,,
7234,variation,,,"Spy x Family Tote Bag - Black",1,0,visible,,,,,taxable,parent,1,1,,0,0,,,,,0,,,150,,,,https://jozistudenthub.co.za/wp-content/uploads/2025/07/IMG_20250720_144803.png,,,id:7232,,,,,,2,,,,"{""gallery_source"":""default"",""images"":[]}",,,,,Color,Black,,0,,,,,,,,,,,,
7235,variation,,,"Spy x Family Tote Bag - Beige",1,0,visible,,,,,taxable,parent,1,1,,0,0,,,,,0,,,150,,,,https://jozistudenthub.co.za/wp-content/uploads/2025/07/IMG_20250720_144809.png,,,id:7232,,,,,,3,,,,"{""gallery_source"":""default"",""images"":[]}",,,,,Color,Beige,,0,,,,,,,,,,,,
7313,variable,,,"Inflatable Sofa",1,0,visible,"Turn any res space into a lounge-worthy hangout zone with this inflatable pull-out sofa—the ultimate compact furniture hack. Inflates in minutes into a plush sofa, and with another pull becomes a queen-size bed perfect for naps, movie marathons, or unexpected guests. Lightweight, versatile, and surprisingly comfy—this sofa keeps its shape thanks to velvety flocking simple velve inflation. Ideal for res, weekend braais, or studies-turned-sleep spots.","<h3 data-start=""225"" data-end=""244""><strong data-start=""229"" data-end=""242"">Features:</strong></h3>\n<ul data-start=""245"" data-end=""645"">\n 	<li data-start=""324"" data-end=""402"">\n<p data-start=""326"" data-end=""402""><span class=""relative -mx-px my-[-0.2rem] rounded px-px py-[0.2rem] transition-colors duration-100 ease-in-out"">Soft flocked surface for added comfort when seated or napping</span></p>\n</li>\n 	<li data-start=""403"" data-end=""481"">\n<p data-start=""405"" data-end=""481""><span class=""relative -mx-px my-[-0.2rem] rounded px-px py-[0.2rem] transition-colors duration-100 ease-in-out"">Multiple inflation/deflation valves (fast fill and release)</span></p>\n</li>\n 	<li data-start=""482"" data-end=""562"">\n<p data-start=""484"" data-end=""562""><span class=""relative -mx-px my-[-0.2rem] rounded px-px py-[0.2rem] transition-colors duration-100 ease-in-out"">Integrated backrest and armrests: lounge vibe guaranteed</span></p>\n</li>\n 	<li data-start=""563"" data-end=""645"">\n<p data-start=""565"" data-end=""645""><span class=""relative -mx-px my-[-0.2rem] rounded px-px py-[0.2rem] transition-colors duration-100 ease-in-out"">Folds down flat—easy to stash under beds or in cupboards when not in use </span></p>\n</li>\n</ul>",,,taxable,,1,,,0,0,,,,,0,,,,"Lifestyle, Room Decor","bed, chill, inflatable, relax, rest, sofa",,https://jozistudenthub.co.za/wp-content/uploads/2025/07/IMG_20250719_133100.png,,,,,,,,,0,,,,,,index,7,1,Size,"Single, Multifunctional",1,0,10,0,0,Single,Pieces,"One piece, Two piece",1,0,,"Two piece","Cozy Up with the Relaxed Inflatable Sofa - Jozi Student Hub","Turn any res space into a lounge-worthy hangout zone with this inflatable pull-out sofa—the ultimate compact furniture hack. Ideal for res."
7314,variation,,,"Inflatable Sofa - Single, One piece",1,0,visible,,,,,taxable,parent,1,,,0,0,,140,80,85,0,,,399,,,,https://jozistudenthub.co.za/wp-content/uploads/2025/07/IMG_20250719_133135.png,,,id:7313,,,,,,1,,,,"{""gallery_source"":""custom"",""images"":[{""url"":""https:\/\/jozistudenthub.co.za\/wp-content\/uploads\/2025\/07\/1-25-300x300.jpg"",""attachment_id"":7319}]}",,,,,Size,Single,,0,,,,,Pieces,"One piece",,0,,,,
7315,variation,,,"Inflatable Sofa - Single, Two piece",1,0,visible,,,,,taxable,parent,1,,,0,0,,116,88,83,0,,,369,,,,https://jozistudenthub.co.za/wp-content/uploads/2025/07/IMG_20250719_133100.png,,,id:7313,,,,,,2,,,,"{""gallery_source"":""custom"",""images"":[{""url"":""https:\/\/jozistudenthub.co.za\/wp-content\/uploads\/2025\/07\/2-24-300x257.jpg"",""attachment_id"":7318}]}",,,,,Size,Single,,0,,,,,Pieces,"Two piece",,0,,,,
7316,variation,,,"Inflatable Sofa - Multifunctional, One piece",1,0,visible,,"Turns into a single bed, for unexpected sleepovers with friends.",,,taxable,parent,1,,,0,0,,86,89,64,0,,,465,,,,https://jozistudenthub.co.za/wp-content/uploads/2025/07/IMG_20250719_133232.png,,,id:7313,,,,,,3,,,,"{""gallery_source"":""custom"",""images"":[{""url"":""https:\/\/jozistudenthub.co.za\/wp-content\/uploads\/2025\/07\/1753983557097-1024x831.jpg"",""attachment_id"":7320}]}",,,,,Size,Multifunctional,,0,,,,,Pieces,"One piece",,0,,,,
7321,simple,,,"Fast-Charge Cable",1,0,visible,"Say goodbye to slow-specced charging cables that stretch your patience—and your data transfer time. The Wekome WDC‑32i is built for speed and durability, designed to keep your iPhone, iPad, or other Apple gear topped up and your study playlists flowing. With a brushed alloy connector and braided nylon cord, this cable handles daily life—res life especially—with style and staying power.","<h2><strong>Features:</strong></h2>\n<ul>\n 	<li data-start=""201"" data-end=""280"">\n<p data-start=""203"" data-end=""280""><span class=""relative -mx-px my-[-0.2rem] rounded px-px py-[0.2rem] transition-colors duration-100 ease-in-out""><strong data-start=""0"" data-end=""25"" data-is-only-node="""">Lightning Fast charging support</strong> up to 2.4 A with 480 Mbps data transfer speed — quicker than most campus café USB ports.</span></p>\n</li>\n 	<li data-start=""281"" data-end=""360"">\n<p data-start=""283"" data-end=""360""><span class=""relative -mx-px my-[-0.2rem] rounded px-px py-[0.2rem] transition-colors duration-100 ease-in-out""><strong data-start=""0"" data-end=""29"" data-is-only-node="""">High-quality construction</strong>: anti-oxidation aluminum alloy heads and high-density braided nylon body resist fraying and tangling.</span></p>\n</li>\n 	<li data-start=""281"" data-end=""360""><strong>Wattage: 12W fast charging</strong></li>\n 	<li data-start=""361"" data-end=""440"">\n<p data-start=""363"" data-end=""440""><span class=""relative -mx-px my-[-0.2rem] rounded px-px py-[0.2rem] transition-colors duration-100 ease-in-out""><strong data-start=""0"" data-end=""14"" data-is-only-node="""">1 m length</strong> gives you just enough reach for desk setup or bedside charging without the clutter.</span></p>\n</li>\n 	<li data-start=""441"" data-end=""520"">\n<p data-start=""443"" data-end=""520""><span class=""relative -mx-px my-[-0.2rem] rounded px-px py-[0.2rem] transition-colors duration-100 ease-in-out""><strong data-start=""0"" data-end=""17"" data-is-only-node="""">Sleek &amp; tough</strong>: light yet sturdy (~25 g), packed compactly for easy tuck into bags.</span></p>\n</li>\n</ul>",,,taxable,,1,36,,0,0,,,,,1,,,59,Electronics,"cable, charger, fast, iPhone",,"https://jozistudenthub.co.za/wp-content/uploads/2025/07/IMG_20250719_132627.png, https://jozistudenthub.co.za/wp-content/uploads/2025/07/ba75275ab42ba555a92271314659690b.jpg",,,,,,,,,0,,Wekome,,,1,index,6,1,,,,,,,,,,,,,,,,
7327,variation,,,"Perfecto Dishwashing Liquid - 400ml, Lemon",1,0,visible,,,,,taxable,parent,1,,,0,0,,,,,0,,,19,,,,https://jozistudenthub.co.za/wp-content/uploads/2025/07/IMG_20250730_130250.png,,,id:7222,,,,,,1,,,,"{""gallery_source"":""default"",""images"":[]}",,,,,Size,400ml,,0,,,,,Scent,Lemon,,0,,,,
7328,variation,,,"Perfecto Dishwashing Liquid - 400ml, Exotic Berries",1,0,visible,,,,,taxable,parent,0,,,0,0,,,,,0,,,19,,,,,,,id:7222,,,,,,2,,,,"{""gallery_source"":""default"",""images"":[]}",,,,,Size,400ml,,0,,,,,Scent,"Exotic Berries",,0,,,,
7329,variation,,,"Perfecto Dishwashing Liquid - 750ml, Lemon",1,0,visible,,,,,taxable,parent,1,,,0,0,,,,,0,,,24,,,,https://jozistudenthub.co.za/wp-content/uploads/2025/07/IMG_20250730_130338.png,,,id:7222,,,,,,3,,,,"{""gallery_source"":""default"",""images"":[]}",,,,,Size,750ml,,0,,,,,Scent,Lemon,,0,,,,
7330,variation,,,"Perfecto Dishwashing Liquid - 750ml, Exotic Berries",1,0,visible,,,,,taxable,parent,1,,,0,0,,,,,0,,,24,,,,https://jozistudenthub.co.za/wp-content/uploads/2025/07/IMG_20250730_130357.png,,,id:7222,,,,,,4,,,,"{""gallery_source"":""default"",""images"":[]}",,,,,Size,750ml,,0,,,,,Scent,"Exotic Berries",,0,,,,
7331,variation,,,"Perfecto Dishwashing Liquid - 1.5l, Lemon",1,0,visible,,,,,taxable,parent,1,,,0,0,,,,,0,,,39,,,,https://jozistudenthub.co.za/wp-content/uploads/2025/07/IMG_20250730_130322.png,,,id:7222,,,,,,5,,,,"{""gallery_source"":""default"",""images"":[]}",,,,,Size,1.5l,,0,,,,,Scent,Lemon,,0,,,,
7332,variation,,,"Perfecto Dishwashing Liquid - 1.5l, Exotic Berries",1,0,visible,,,,,taxable,parent,0,,,0,0,,,,,0,,,39,,,,,,,id:7222,,,,,,6,,,,"{""gallery_source"":""default"",""images"":[]}",,,,,Size,1.5l,,0,,,,,Scent,"Exotic Berries",,0,,,,
7337,variation,,,"Fluffy Rug - Pink",1,0,visible,,,,,taxable,parent,1,6,,0,0,,,,,0,,,150,,,,https://jozistudenthub.co.za/wp-content/uploads/2025/08/1753998444910-scaled.jpg,,,id:6880,,,id:6854,,,1,,,,"{""gallery_source"":""default"",""images"":[]}",,,,,Color,Pink,,0,,,,,,,,,,,,
